file,vertical,client,name_on_portfolio_page,sheet_row,drive_file_id
chiropractic-clinics/ripple-chiropractic/ripple-chiropractic-ranking-1st-on-google-maps-for-chiropractor-frankston-keyword.webp,Chiropractic Clinics,Ripple Chiropractic,Ripple Chiropractic Ranking 1st on Google Maps for 'Chiropractor Frankston' Keyword,150,1CRHFb8dgk0rKvIvUopmQgBUOOSueuPed
chiropractic-clinics/ripple-chiropractic/ripple-chiropractic-ranking-1st-on-google-search-google-maps-for-chiropractor-cranbourne-west-k.webp,Chiropractic Clinics,Ripple Chiropractic,Ripple Chiropractic Ranking 1st on Google Search & Google Maps for 'Chiropractor Cranbourne West' Keyword,128,1DEtcjbRwhcWoQswpXaGoqjWgBLmaNO6w
chiropractic-clinics/ripple-chiropractic/ripple-chiropractic-ranking-1st-on-google-search-google-maps-for-chiropractor-highett-keyword.webp,Chiropractic Clinics,Ripple Chiropractic,Ripple Chiropractic Ranking 1st on Google Search & Google Maps for 'Chiropractor Highett' Keyword,149,1ar3lT8RZpb1N-Ibx4ZBqn7IvUZYIXUEE
chiropractic-clinics/ripple-chiropractic/ripple-chiropractic-ranking-2nd-on-google-maps-for-chiropractor-coomera-keyword.webp,Chiropractic Clinics,Ripple Chiropractic,Ripple Chiropractic Ranking 2nd on Google Maps for 'Chiropractor Coomera' Keyword,126,170D_9kZ0C2_8m8EVX-gprDVrbL4sKpCS
cosmetic-clinics/aesthetic-nurse-irina/aesthetic-nurse-irina-ranking-1st-on-google-search-adn-google-maps-for-russian-lips-gold-coast.webp,Cosmetic Clinics,Aesthetic Nurse Irina,Aesthetic Nurse Irina Ranking 1st on Google Search adn Google Maps for 'Russian Lips Gold Coast' Keyword,181,1kkN8BRkY0fCZSzmF8kr_paoSifwroQfd
cosmetic-clinics/aesthetic-nurse-irina/aesthetic-nurse-irina-year-on-year-traffic-conversion-growth.webp,Cosmetic Clinics,Aesthetic Nurse Irina,Aesthetic Nurse Irina Year on Year Traffic & Conversion Growth,166,19DWVGbNI8gcb12Y2n9LH3BMZBjL8pyPt
cosmetic-clinics/ashbrooke-cosmetic-surgery/ashbrooke-cosmetic-surgery-ranking-3rd-on-google-search-for-arm-liposuction-sydney-keyword.webp,Cosmetic Clinics,Ashbrooke Cosmetic Surgery,Ashbrooke Cosmetic Surgery Ranking 3rd on Google Search for 'Arm Liposuction Sydney' Keyword,142,1edQYPme4pJl1rdbOd6aQC2qCeLUYbpXp
cosmetic-clinics/dr-queenie-chan/dr-queenie-chan-ranking-1st-and-2nd-on-google-search-for-bodytite-albury-wodonga-keyword.webp,Cosmetic Clinics,Dr Queenie Chan,Dr Queenie Chan Ranking 1st and 2nd on Google Search for 'Bodytite Albury Wodonga' Keyword,141,16ZB1uznqrXneSMwkwS2tZvxeSU0Yd2WY
cosmetic-clinics/dr-queenie-chan/dr-queenie-chan-ranking-1st-and-2nd-on-google-search-for-facetite-albury-keyword.webp,Cosmetic Clinics,Dr Queenie Chan,Dr Queenie Chan Ranking 1st and 2nd on Google Search for 'Facetite Albury' Keyword,140,10yuaXgETmx2Sv_3j3mfC8U_4RBL2N4md
cosmetic-clinics/dr-queenie-chan/dr-queenie-chan-ranking-1st-on-google-search-for-albury-cosmetic-centre-keyword.webp,Cosmetic Clinics,Dr Queenie Chan,Dr Queenie Chan Ranking 1st on Google Search for 'Albury Cosmetic Centre' Keyword,138,1ocdHrgC4zaOh8IVoBG9R2g-py46I-nww
cosmetic-clinics/est-clinic/est-clinic-google-business-profile-all-interaction-results.webp,Cosmetic Clinics,EST Clinic,EST Clinic Google Business Profile All Interaction Results,198,1ne1w2arQ3fC1g1rm6I3jQeThh8AKwx2x
cosmetic-clinics/est-clinic/est-clinic-google-business-profile-direction-request-results-2.webp,Cosmetic Clinics,EST Clinic,EST Clinic Google Business Profile Direction Request Results,199,1B57AcImIrUylkpNYtFN5KrkJkFO3B5D_
cosmetic-clinics/est-clinic/est-clinic-google-business-profile-direction-request-results.webp,Cosmetic Clinics,EST Clinic,EST Clinic Google Business Profile Direction Request Results,192,1zRYbKz5Bq1hs73RTwchziCcfNmNHLxw8
cosmetic-clinics/est-clinic/est-clinic-google-business-profile-optimisation-results-2.webp,Cosmetic Clinics,EST Clinic,EST Clinic Google Business Profile Optimisation Results,195,160S_6hx7KtyT_TQGyO2-2lVpnW8zaze7
cosmetic-clinics/est-clinic/est-clinic-google-business-profile-optimisation-results-3.webp,Cosmetic Clinics,EST Clinic,EST Clinic Google Business Profile Optimisation Results,196,1Q4kdhCob95_T-HKMA9OR-laUpC720k3B
cosmetic-clinics/est-clinic/est-clinic-google-business-profile-optimisation-results-4.webp,Cosmetic Clinics,EST Clinic,EST Clinic Google Business Profile Optimisation Results,197,1U_DmTblqWqsMrcr0u-t43ReaihmYB1uo
cosmetic-clinics/est-clinic/est-clinic-google-business-profile-optimisation-results.webp,Cosmetic Clinics,EST Clinic,EST Clinic Google Business Profile Optimisation Results,194,1I986aDwyqRRYm5WJewGY6jJeLRds4eke
cosmetic-clinics/est-clinic/est-clinic-google-business-profile-overall-results.webp,Cosmetic Clinics,EST Clinic,EST Clinic Google Business Profile Overall  Results,193,1zoa1tEYtzPqzG5Y5ns6xzgCTh3cFcKM3
cosmetic-clinics/est-clinic/est-clinic-ranking-2nd-on-google-maps-for-cosmetic-clinic-melbourne-keyword.webp,Cosmetic Clinics,EST Clinic,EST Clinic Ranking 2nd on Google Maps for 'Cosmetic Clinic Melbourne' Keyword,7,1yUtqXecf1zE1O3CqczwDWlDtNWt0vzIY
cosmetic-clinics/est-clinic/est-clinic-ranking-3rd-on-google-maps-for-emsculpt-melbourne-keyword.webp,Cosmetic Clinics,EST Clinic,EST Clinic Ranking 3rd on Google Maps for 'Emsculpt Melbourne' Keyword,120,19rnUnexV_i_KZumRx-hbeG8ruCAoIOen
cosmetic-clinics/est-clinic/est-clinic-year-on-year-traffic-conversion-growth.webp,Cosmetic Clinics,EST Clinic,EST Clinic Year on Year Traffic & Conversion Growth,243,1MrnEmx2zoWNN3k22pOQ5wC8o_Ih26jPo
cosmetic-clinics/eastern-plastic-surgery/eastern-plastic-surgery-ranks-5th-on-google-search-results-for-the-epicanthoplasty-in-melbourne.webp,Cosmetic Clinics,Eastern Plastic Surgery,"Eastern Plastic Surgery Ranks 5th on Google Search Results for the ""Epicanthoplasty In Melbourne"" Keyword",208,1h88xZ6iVPT_WUceNa31U0_-9DJFSFfwN
cosmetic-clinics/iccm/iccm-ranking-1st-on-google-maps-for-thread-lift-sydney-keyword.webp,Cosmetic Clinics,ICCM,ICCM Ranking 1st on Google Maps for 'Thread Lift Sydney' Keyword,85,1AtDC49_HywVApdnIkEkkTcpOYZzJQfoD
cosmetic-clinics/iccm/iccm-ranking-1st-on-google-search-for-arm-liposuction-sydney-keyword.webp,Cosmetic Clinics,ICCM,ICCM Ranking 1st on Google Search for 'Arm Liposuction Sydney' Keyword,147,1Q0b56z6zQwXxk2VEniH7meZauMZJS1Qy
cosmetic-clinics/iccm/iccm-ranking-1st-on-google-search-for-liquid-lipo-injections-sydney-keyword.webp,Cosmetic Clinics,ICCM,ICCM Ranking 1st on Google Search for 'Liquid Lipo Injections Sydney' Keyword,82,1lgYFbyu9DNQFWsQomnPZyzldfiryS_vU
cosmetic-clinics/iccm/iccm-ranking-2nd-and-4th-on-google-search-for-chin-liposuction-sydney-cost-keyword.webp,Cosmetic Clinics,ICCM,ICCM Ranking 2nd and 4th on Google Search for 'Chin Liposuction Sydney Cost' Keyword,143,1tlVt-w2gImgD5Ev_svYE9oolXildJIy_
cosmetic-clinics/iccm/iccm-ranking-2nd-on-google-search-for-cosmetic-surgeon-campbelltown-keyword.webp,Cosmetic Clinics,ICCM,ICCM Ranking 2nd on Google Search for 'Cosmetic Surgeon Campbelltown' Keyword,74,1hxBnckoo2LI5ku85bX47jrnE5kMmkshp
cosmetic-clinics/iccm/iccm-ranking-2nd-on-google-search-for-neck-liposuction-sydney-keyword.webp,Cosmetic Clinics,ICCM,ICCM Ranking 2nd on Google Search for 'Neck Liposuction Sydney' Keyword,144,1mmwWC4oy-LOG_BCkSGcgWZ5H9MnqK5ez
cosmetic-clinics/iccm/iccm-ranking-3rd-on-google-search-for-chin-liposuction-sydney-keyword.webp,Cosmetic Clinics,ICCM,ICCM Ranking 3rd on Google Search for 'Chin Liposuction Sydney' Keyword,145,1Fxy7_AtB1iSqXrur2gxepy7LYjgN4Apn
cosmetic-clinics/iccm/iccm-ranking-4th-on-google-search-for-thigh-liposuction-keyword.webp,Cosmetic Clinics,ICCM,ICCM Ranking 4th on Google Search for 'Thigh Liposuction' Keyword,146,1jDvfyeEPbHskwqGPax0IQiiJE4tDB6ed
cosmetic-clinics/jade-cosmetic-clinic/jade-cosmetic-clinic-ranking-1st-and-2nd-on-google-search-for-rf-needling-trinity-beach-keyword.webp,Cosmetic Clinics,Jade Cosmetic Clinic,Jade Cosmetic Clinic Ranking 1st and 2nd on Google Search for 'Rf Needling Trinity Beach' Keyword,80,1Q3yeGBFhinDimJgiWimKPY3EUrhuBoQr
cosmetic-clinics/jade-cosmetic-clinic/jade-cosmetic-clinic-ranking-1st-on-google-maps-for-dermal-filler-injections-trinity-beach-keyw.webp,Cosmetic Clinics,Jade Cosmetic Clinic,Jade Cosmetic Clinic Ranking 1st on Google Maps for 'Dermal Filler Injections Trinity Beach' Keyword,79,18ktW-UYaBrpZ7djAyh9A37cwzlQ3WtH8
cosmetic-clinics/jade-cosmetic-clinic/jade-cosmetic-clinic-ranking-1st-on-google-search-and-google-maps-for-anti-wrinkle-treatment-tr.webp,Cosmetic Clinics,Jade Cosmetic Clinic,Jade Cosmetic Clinic Ranking 1st on Google Search and Google Maps for 'Anti-Wrinkle Treatment Trinity Beach' Keyword,65,1RBnJb8xpkgw0UJJez6X-hEw-Vi4mnXGF
cosmetic-clinics/jade-cosmetic-clinic/jade-cosmetic-clinic-ranking-1st-on-google-search-and-google-maps-for-coolsculpting-near-me-key.webp,Cosmetic Clinics,Jade Cosmetic Clinic,Jade Cosmetic Clinic Ranking 1st on Google Search and Google Maps for 'Coolsculpting Near Me' Keyword,76,17YqZ2XkRev1mVjgu-L7H8h5FPQKjc4Q_
cosmetic-clinics/jade-cosmetic-clinic/jade-cosmetic-clinic-ranking-1st-on-google-search-and-google-maps-for-face-threading-sydney-key.webp,Cosmetic Clinics,Jade Cosmetic Clinic,Jade Cosmetic Clinic Ranking 1st on Google Search and Google Maps for 'Face Threading Sydney' Keyword,57,11T9vtlgXff04lFIJhBHkvVaTeKTmJgP3
cosmetic-clinics/jade-cosmetic-clinic/jade-cosmetic-clinic-ranking-1st-on-google-search-and-google-maps-for-radiofrequency-microneedl.webp,Cosmetic Clinics,Jade Cosmetic Clinic,Jade Cosmetic Clinic Ranking 1st on Google Search and Google Maps for 'Radiofrequency Microneedling Trinity Beach' Keyword,77,1QRRbhw4D0CclEWo0GT46wJwGr_a0DoNj
cosmetic-clinics/jade-cosmetic-clinic/jade-cosmetic-clinic-ranking-1st-on-google-search-for-bbl-skin-treatment-brisbane-keyword.webp,Cosmetic Clinics,Jade Cosmetic Clinic,Jade Cosmetic Clinic Ranking 1st on Google Search for 'BBL Skin Treatment Brisbane' Keyword,81,1hKYs4Lv5J8Ohn-i5fJRuo28jsoDixBbb
cosmetic-clinics/jade-cosmetic-clinic/jade-cosmetic-clinic-ranking-2nd-and-3rd-on-google-search-for-fat-freezing-trinity-beach-keywor.webp,Cosmetic Clinics,Jade Cosmetic Clinic,Jade Cosmetic Clinic Ranking 2nd and 3rd on Google Search for 'Fat Freezing Trinity Beach' Keyword,83,1qZO2-pkHFdlHam89eZ3Py3mZZWqEP4Vk
cosmetic-clinics/jade-cosmetic-clinic/jade-cosmetic-clinic-ranking-in-google-snippets-and-google-maps-for-the-keyword-dermal-fillers.webp,Cosmetic Clinics,Jade Cosmetic Clinic,Jade Cosmetic Clinic Ranking in Google Snippets and Google Maps for the Keyword 'Dermal Fillers Cost Trinity Beach',69,1-77vbOULjIsos8pTiS1f6jX42CFAhPh4
cosmetic-clinics/jade-cosmetic-clinic/jade-cosmetic-clinic-ranking-in-the-top-3-positions-on-google-search-and-google-map-for-rf-micr.webp,Cosmetic Clinics,Jade Cosmetic Clinic,Jade Cosmetic Clinic Ranking in the Top 3 Positions on Google Search and Google Map for 'Rf Microneedling Trinity Beach' Keyword,71,1RbqHSyoO8OjV-9XRJQ9VUIUIoxhls9vX
cosmetic-clinics/lumiere/lumiere-ranking-1st-on-google-maps-for-liposuction-sydney-keyword.webp,Cosmetic Clinics,Lumiere,Lumiere Ranking 1st on Google Maps for 'Liposuction Sydney' Keyword,68,17srSFmIAnrP68Ijv6E-bDTh4TQiD3IMo
cosmetic-clinics/lumiere/lumiere-ranking-1st-on-google-search-for-chin-liposuction-sydney-cost-keyword.webp,Cosmetic Clinics,Lumiere,Lumiere Ranking 1st on Google Search for 'Chin Liposuction Sydney Cost' Keyword,148,1i66LyhARGo_-0fHoCvCZpAQaH973Ippf
cosmetic-clinics/lumiere/lumiere-ranking-2nd-on-google-maps-for-lip-fillers-sydney-keyword.webp,Cosmetic Clinics,Lumiere,Lumiere Ranking 2nd on Google Maps for 'Lip Fillers Sydney' Keyword,66,1Mob7H-FS4DlVlWnIDR94PzeGVOk9iVBc
cosmetic-clinics/lumiere/lumiere-ranking-3rd-on-google-search-for-laser-pigmentation-removal-sydney-keyword.webp,Cosmetic Clinics,Lumiere,Lumiere Ranking 3rd on Google Search for 'Laser Pigmentation Removal Sydney' Keyword,50,1-0Em_g9zi_OZJw5ETq7ltg_IuH4qWtkO
cosmetic-clinics/my-cosmetic-clinic/my-cosmetic-clinic-ranking-1st-on-google-maps-for-dermal-fillers-rosebery-keyword.webp,Cosmetic Clinics,My Cosmetic Clinic,My Cosmetic Clinic Ranking 1st on Google Maps for 'Dermal Fillers Rosebery' Keyword,43,1yK_sx0v1hJpMF7G03Q_4Kd4RxpRhil0k
cosmetic-clinics/my-cosmetic-clinic/my-cosmetic-clinic-ranking-1st-on-google-search-and-google-maps-for-castle-hill-cosmetic-clinic.webp,Cosmetic Clinics,My Cosmetic Clinic,My Cosmetic Clinic Ranking 1st on Google Search and Google Maps for 'Castle Hill Cosmetic Clinic' Keyword,36,1gL4jICKbi2XqudMffzNGz8VkhfBPnaV6
cosmetic-clinics/my-cosmetic-clinic/my-cosmetic-clinic-ranking-1st-on-google-search-and-google-maps-for-cosmetic-injections-nowra-k.webp,Cosmetic Clinics,My Cosmetic Clinic,My Cosmetic Clinic Ranking 1st on Google Search and Google Maps for 'Cosmetic Injections Nowra' Keyword,46,1OlYpfgDmvAi5N4OhcX4ryTVV56gyBAuf
cosmetic-clinics/my-cosmetic-clinic/my-cosmetic-clinic-ranking-1st-on-google-search-and-google-maps-for-lip-injections-crows-nest-k.webp,Cosmetic Clinics,My Cosmetic Clinic,My Cosmetic Clinic Ranking 1st on Google Search and Google Maps for 'Lip Injections Crows Nest' Keyword,47,1_ke5ZJLSPOx0G-jB89Ew0gzle2kZa_o0
cosmetic-clinics/my-cosmetic-clinic/my-cosmetic-clinic-ranking-1st-on-google-search-and-google-maps-for-liposuction-hills-district.webp,Cosmetic Clinics,My Cosmetic Clinic,My Cosmetic Clinic Ranking 1st on Google Search and Google Maps for 'Liposuction Hills District' Keyword,23,1Qi6O-YyDhMrPNtWNVXOTnelYg3ELkl_U
cosmetic-clinics/my-cosmetic-clinic/my-cosmetic-clinic-ranking-1st-on-google-search-and-google-maps-for-nowra-cosmetic-clinic-keywo.webp,Cosmetic Clinics,My Cosmetic Clinic,My Cosmetic Clinic Ranking 1st on Google Search and Google Maps for 'Nowra Cosmetic Clinic' Keyword,32,17rI2XRCCBe6HFP57yPdrNwE1iQaq9q8F
cosmetic-clinics/my-cosmetic-clinic/my-cosmetic-clinic-ranking-2nd-on-google-search-for-cosmetic-clinic-sydney-keyword.webp,Cosmetic Clinics,My Cosmetic Clinic,My Cosmetic Clinic Ranking 2nd on Google Search for 'Cosmetic Clinic Sydney' Keyword,29,1FNwJ1An42WwaecS7SHlcDg7Avq6GtlF5
cosmetic-clinics/omd-combined-results/cosmetic-clinic-client-year-on-year-traffic-conversion-growth-2.webp,Cosmetic Clinics,/,Cosmetic Clinic Client Year on Year Traffic & Conversion Growth,184,1hT1pV6ZtTdXMYyYDAy_7YsYuQufiUa7C
cosmetic-clinics/omd-combined-results/cosmetic-clinic-client-year-on-year-traffic-conversion-growth-3.webp,Cosmetic Clinics,/,Cosmetic Clinic Client Year on Year Traffic & Conversion Growth,185,1auydVUPN2pPHAjKoGDawRNfryMayzZd9
cosmetic-clinics/omd-combined-results/cosmetic-clinic-client-year-on-year-traffic-conversion-growth-4.webp,Cosmetic Clinics,/,Cosmetic Clinic Client Year on Year Traffic & Conversion Growth,186,1yhI8lLOrAuOHq0QDLdSUG5BAY6Io0REq
cosmetic-clinics/omd-combined-results/cosmetic-clinic-client-year-on-year-traffic-conversion-growth.webp,Cosmetic Clinics,/,Cosmetic Clinic Client Year on Year Traffic & Conversion Growth,183,1nhHt7vGbbGv5qGLem4CXjE39W6uvZOOm
cosmetic-clinics/prophile-clinics/prophile-clinics-ranking-2nd-on-google-maps-for-cosmetic-clinic-gold-coast-keyword.webp,Cosmetic Clinics,Prophile Clinics,Prophile Clinics Ranking 2nd on Google Maps for 'Cosmetic Clinic Gold Coast' Keyword,151,130gYUdFH3FjPI2FphNt1ODFN5TShi8uk
cosmetic-clinics/prophile-clinics/prophile-clinics-ranking-3rd-on-google-maps-for-frown-lines-treatment-keyword.webp,Cosmetic Clinics,Prophile Clinics,Prophile Clinics Ranking 3rd on Google Maps for 'Frown Lines Treatment' Keyword,168,1esoY5r0K9wXppTy3EWk6ZEtN547EcF2U
cosmetic-clinics/prophile-clinics/prophile-clinics-ranking-on-google-search-for-the-keyword-tesla-chair-gold-coast.webp,Cosmetic Clinics,Prophile Clinics,Prophile Clinics Ranking on Google Search for the Keyword ' Tesla Chair Gold Coast',258,1O3nbqOLgu7p_vmkS1_EFmLDWV3Q-LQIo
cosmetic-clinics/prophile-clinics/prophile-clinics-ranks-2nd-on-google-search-results-for-the-exosomes-treatment-near-gold-coast.webp,Cosmetic Clinics,Prophile Clinics,"Prophile Clinics Ranks 2nd on Google Search Results for the ""Exosomes Treatment Near Gold Coast"" Keyword",211,170G1eJZOj0_JUHn-k8XS8N8DiRQ3sMT7
cosmetic-clinics/prophile-clinics/prophile-clinics-ranks-on-google-maps-for-the-keyword-anti-wrinkle-treatment-near-gold-coast-ke.webp,Cosmetic Clinics,Prophile Clinics,"Prophile Clinics Ranks on Google Maps for the Keyword ""Anti Wrinkle Treatment Near Gold Coast"" Keyword",210,1DHKELqsz-2MRXPA3d_RCvSxPJKZkmNlz
cosmetic-clinics/prophile-clinics/prophile-clinics-ranks-on-google-maps-for-the-keyword-forehead-wrinkles-treatment-near-gold-coa.webp,Cosmetic Clinics,Prophile Clinics,"Prophile Clinics Ranks on Google Maps for the Keyword ""Forehead Wrinkles Treatment Near Gold Coast"" Keyword",212,1bvu8hUdvMxik-pMAOiY-2W-zpBkJ8kHK
cosmetic-clinics/prophile-clinics/prophile-clinics-ranks-on-google-maps-for-the-keyword-nasolabial-folds-treatment-near-gold-coas.webp,Cosmetic Clinics,Prophile Clinics,"Prophile Clinics Ranks on Google Maps for the Keyword ""Nasolabial Folds Treatment Near Gold Coast"" Keyword",213,1BVDKlIEj0nyonkZcr5RFc3Gw9KPcLY3Z
cosmetic-clinics/prophile-clinics/prophile-clinics-year-on-year-conversion-growth.webp,Cosmetic Clinics,Prophile Clinics,Prophile Clinics Year on Year Conversion Growth,220,1--DuRzQpPxth2d62JYNe64C5bXzDwvq5
cosmetic-clinics/prophile-clinics/prophile-clinics-year-on-year-traffic-conversion-growth.webp,Cosmetic Clinics,Prophile Clinics,Prophile Clinics Year on Year Traffic & Conversion Growth,245,1boi_3rNYgUDw-GVqRGTa_Tr02N3af-d0
cosmetic-clinics/shire-aesthetics-vein-clinic/shire-aesthetics-vein-clinic-ranking-1st-on-google-search-for-eco2-laser-keyword.webp,Cosmetic Clinics,Shire Aesthetics & Vein Clinic,Shire Aesthetics & Vein Clinic Ranking 1st on Google Search for 'eCO2 Laser' Keyword,159,1rzLkUlY4hrRMLt2XBmLPYRKzQakAthSl
cosmetic-clinics/shire-aesthetics-vein-clinic/shire-aesthetics-vein-clinic-ranking-1st-on-google-search-for-healite-treatment-miranda-keyword.webp,Cosmetic Clinics,Shire Aesthetics & Vein Clinic,Shire Aesthetics & Vein Clinic Ranking 1st on Google Search for 'Healite Treatment Miranda' Keyword,26,1d6JfG0bK7nrDjANM-PFzWS_5njBHY6uP
dentists/smile-specialists-suite/smile-specialists-suite-ranking-1st-and-2nd-on-google-search-and-google-maps-for-periodontist-n.webp,Dentists,Smile Specialists Suite,Smile Specialists Suite Ranking 1st and 2nd on Google Search and Google Maps for 'Periodontist Neutral Bay' Keyword,123,1jlhKpvefwkriSWFKliF-aiidis3B4tSk
dentists/the-dentist-at-70-pitt-street/the-dentist-at-70-pitt-street-ranking-3rd-and-4th-on-google-search-for-pitt-street-dentist-keyw.webp,Dentists,The Dentist At 70 Pitt Street,The Dentist At 70 Pitt Street Ranking 3rd and 4th on Google Search for 'Pitt Street Dentist' Keyword,28,15Mhnbt1G-LTY5lrMzYwMuPo96XdmsnvV
dentists/the-dentist-at-70-pitt-street/the-dentist-at-70-pitt-street-ranking-3rd-on-google-maps-for-dental-hygienist-sydney-keyword.webp,Dentists,The Dentist At 70 Pitt Street,The Dentist At 70 Pitt Street Ranking 3rd on Google Maps for 'Dental Hygienist Sydney' Keyword,20,1F56StdSZLkXpry_yVRP9AiYUDz3g4lQn
dentists/the-dentist-at-70-pitt-street/the-dentist-at-70-pitt-street-ranking-3rd-on-google-search-for-dentist-sydney-keyword.webp,Dentists,The Dentist At 70 Pitt Street,The Dentist At 70 Pitt Street Ranking 3rd on Google Search for 'Dentist Sydney' Keyword,8,1g2U6H7YPx3VJQR2-pFobZAlY0y-B9mUB
eye-care-clinics/ashford-advanced-eye-care/ashford-advanced-eye-care-ranking-on-google-search-for-the-keyword-eye-and-laser-clinic-in-adel.webp,Eye Care Clinics,Ashford Advanced Eye Care,Ashford Advanced Eye Care Ranking on Google Search for the Keyword ' Eye And Laser Clinic In Adelaide',257,10m-AX7sKvYWjT5mBB5FxV8YGc6uaOvHJ
eye-care-clinics/omd-combined-results/eye-care-clinic-client-year-on-year-conversion-growth-2.webp,Eye Care Clinics,/,Eye Care Clinic Client Year on Year Conversion Growth,188,118GcNxJJE6SHN5pNccljnxexFGcfpPOV
eye-care-clinics/omd-combined-results/eye-care-clinic-client-year-on-year-conversion-growth.webp,Eye Care Clinics,/,Eye Care Clinic Client Year on Year Conversion Growth,187,12nBWNMAf5U70RlTWVAWih78d9B0IhGn0
eye-care-clinics/omd-combined-results/eye-care-clinic-client-year-on-year-traffic-conversion-growth-2.webp,Eye Care Clinics,/,Eye Care Clinic Client Year on Year Traffic & Conversion Growth,190,1l9BCjWJSGf2-PgjaIBafgDSfmO6kR6TG
eye-care-clinics/omd-combined-results/eye-care-clinic-client-year-on-year-traffic-conversion-growth.webp,Eye Care Clinics,/,Eye Care Clinic Client Year on Year Traffic & Conversion Growth,189,1U7GUGEBoOOn4J37IMsIdkujR27CrCwuu
eye-care-clinics/the-vision-surgeon/the-vision-surgeon-ranks-on-google-maps-for-eye-care-specialist-essex-keyword.webp,Eye Care Clinics,The Vision Surgeon,"The Vision Surgeon Ranks on Google Maps for ""Eye Care Specialist Essex"" Keyword",216,1-Gc6nGixX3SwQ9d2qhy18AUi0syWiIN0
eye-care-clinics/the-vision-surgeon/the-vision-surgeon-ranks-on-google-maps-for-eye-doctor-colchester-keyword.webp,Eye Care Clinics,The Vision Surgeon,"The Vision Surgeon Ranks on Google Maps for ""Eye Doctor Colchester"" Keyword",215,1lilms2-EU8Fln5JXHc2OIFrh6kCVz8DH
eye-care-clinics/the-vision-surgeon/the-vision-surgeon-ranks-on-google-maps-for-laser-refractive-surgery-colchester-keyword.webp,Eye Care Clinics,The Vision Surgeon,"The Vision Surgeon Ranks on Google Maps for ""Laser Refractive Surgery Colchester"" Keyword",248,1q_1Xc3p1hehkTHiEK6qjH9sqQgRLghYB
eye-care-clinics/the-vision-surgeon/the-vision-surgeon-ranks-on-google-maps-for-ophmalmologist-colchester-keyword.webp,Eye Care Clinics,The Vision Surgeon,"The Vision Surgeon Ranks on Google Maps for ""Ophmalmologist Colchester"" Keyword",247,1PRxtrxf1ZEeL085gqRbq6Z11ObX6Ucdw
eye-care-clinics/the-vision-surgeon/the-vision-surgeon-ranks-on-google-search-for-laser-eye-surgery-colchester-keyword.webp,Eye Care Clinics,The Vision Surgeon,"The Vision Surgeon Ranks on Google Search for ""Laser Eye Surgery Colchester"" Keyword",246,1mWnTv9KLoaLGo6IPzrRzz_VBBlUrLdyZ
eye-care-clinics/vision-clinic-sydney/vision-clinic-sydney-ranking-1st-on-google-maps-for-cataract-surgery-sydney-keyword.webp,Eye Care Clinics,Vision Clinic Sydney,Vision Clinic Sydney Ranking 1st on Google Maps for 'Cataract Surgery Sydney' Keyword,19,1fSixBPU0-epEUl1kdNWaDagSOF4mLetO
eye-care-clinics/vision-clinic-sydney/vision-clinic-sydney-ranking-1st-on-google-maps-for-eye-doctor-sydney-keyword.webp,Eye Care Clinics,Vision Clinic Sydney,Vision Clinic Sydney Ranking 1st on Google Maps for 'Eye Doctor Sydney' Keyword,122,1n7IAtnA50YR7h0kOUVNZxYugJQhV875-
eye-care-clinics/vision-clinic-sydney/vision-clinic-sydney-ranking-1st-on-google-maps-for-keratoconus-sydney-keyword.webp,Eye Care Clinics,Vision Clinic Sydney,Vision Clinic Sydney Ranking 1st on Google Maps for 'Keratoconus Sydney' Keyword,30,1r4WjRMPKFfGqBWnnDF-2j0K7pWOLyhsX
eye-care-clinics/vision-clinic-sydney/vision-clinic-sydney-ranking-1st-on-google-search-and-google-maps-for-refractive-lens-exchange.webp,Eye Care Clinics,Vision Clinic Sydney,Vision Clinic Sydney Ranking 1st on Google Search and Google Maps for 'Refractive Lens Exchange Surgery Sydney' Keyword,21,1wnVuo3R-vazrCosNKK9dqif9B1Pl98Do
eye-care-clinics/vision-clinic-sydney/vision-clinic-sydney-ranking-1st-on-google-search-for-dalk-transplant-sydney-keyword.webp,Eye Care Clinics,Vision Clinic Sydney,Vision Clinic Sydney Ranking 1st on Google Search for 'Dalk Transplant Sydney' Keyword,18,1Td38bf34s2lUEF-kPq2owg0Q09Q5Df0o
eye-care-clinics/vision-clinic-sydney/vision-clinic-sydney-ranking-1st-on-google-search-for-short-sightedness-treatment-sydney-keywor.webp,Eye Care Clinics,Vision Clinic Sydney,Vision Clinic Sydney Ranking 1st on Google Search for 'Short Sightedness Treatment Sydney' Keyword,12,1D9Jccp2OKiciv0-IYW-FdFVaAtNFfLpB
eye-care-clinics/vision-clinic-sydney/vision-clinic-sydney-ranking-2nd-on-google-search-and-google-maps-for-refractive-lens-exchange.webp,Eye Care Clinics,Vision Clinic Sydney,Vision Clinic Sydney Ranking 2nd on Google Search and Google Maps for 'Refractive Lens Exchange Surgery Sydney' Keyword,27,1dC2uJ7DMjmiMXNGguhTyxp3uRCE5u7-B
eye-care-clinics/vision-clinic-sydney/vision-clinic-sydney-ranking-on-google-maps-for-the-keyword-best-eye-clinic.webp,Eye Care Clinics,Vision Clinic Sydney,Vision Clinic Sydney Ranking on Google Maps for the Keyword 'Best Eye Clinic',266,1m7ktz0vMWTUhywjUzXM7ryaop_ShNwEz
gynaecologist-and-obstetrician/lotus-medics/lotus-medics-ranking-1st-and-2nd-on-google-search-and-google-maps-for-endometriosis-surgery-par.webp,Gynaecologist and Obstetrician,Lotus Medics,Lotus Medics Ranking 1st and 2nd on Google Search and Google Maps for 'Endometriosis Surgery Parkes' Keyword,63,1o43gsVTy5WleOPEtPR6-nGWTyVMqQaO9
gynaecologist-and-obstetrician/lotus-medics/lotus-medics-ranking-1st-and-2nd-on-google-search-and-google-maps-for-gynecologist-parkes-keywo.webp,Gynaecologist and Obstetrician,Lotus Medics,Lotus Medics Ranking 1st and 2nd on Google Search and Google Maps for 'Gynecologist Parkes' Keyword,52,12VYZcI9rad9x3yM9RwgFRi9O3TpwHRSd
gynaecologist-and-obstetrician/lotus-medics/lotus-medics-ranking-1st-and-2nd-on-google-search-for-endometriosis-surgery-bathurst-keyword.webp,Gynaecologist and Obstetrician,Lotus Medics,Lotus Medics Ranking 1st and 2nd on Google Search for 'Endometriosis Surgery Bathurst' Keyword,70,1ro8DvEAOy8IFstXLVD1mVtjFgZ55DKAf
gynaecologist-and-obstetrician/lotus-medics/lotus-medics-ranking-1st-and-2nd-on-google-search-for-infertility-treatment-parkes-keyword.webp,Gynaecologist and Obstetrician,Lotus Medics,Lotus Medics Ranking 1st and 2nd on Google Search for 'Infertility Treatment Parkes' Keyword,51,1CmpKRsCjsHhpJLt2G9xkTesBu69CB7SL
gynaecologist-and-obstetrician/lotus-medics/lotus-medics-ranking-1st-and-2nd-on-google-search-for-laparoscopic-surgery-parkes-keyword.webp,Gynaecologist and Obstetrician,Lotus Medics,Lotus Medics Ranking 1st and 2nd on Google Search for 'Laparoscopic Surgery Parkes' Keyword,72,13IQbFzzGQCqdVfG9z39KCUzWQfnPEKFl
gynaecologist-and-obstetrician/lotus-medics/lotus-medics-ranking-1st-on-google-search-and-3rd-on-google-maps-for-obstetrician-orange-keywor.webp,Gynaecologist and Obstetrician,Lotus Medics,Lotus Medics Ranking 1st on Google Search and 3rd on Google Maps for 'Obstetrician Orange' Keyword,53,1xDb2Yb5RHvo5UL4qw4FBZfpXI2LPFghv
gynaecologist-and-obstetrician/lotus-medics/lotus-medics-ranking-1st-on-google-search-and-google-maps-for-fibroids-laparoscopic-surgery-ora.webp,Gynaecologist and Obstetrician,Lotus Medics,Lotus Medics Ranking 1st on Google Search and Google Maps for 'Fibroids Laparoscopic Surgery Orange' Keyword,67,1LuCAwsR69-gyheTJSmJkKd-msgh9owgN
gynaecologist-and-obstetrician/lotus-medics/lotus-medics-ranking-1st-on-google-search-for-menopause-treatment-bathurst-keyword.webp,Gynaecologist and Obstetrician,Lotus Medics,Lotus Medics Ranking 1st on Google Search for 'Menopause Treatment Bathurst' Keyword,64,1f_UffmxEdWPHXseOVWYwpbVEEKbSdDa2
gynaecologist-and-obstetrician/lotus-medics/lotus-medics-ranking-2nd-and-3rd-on-google-search-for-gynecologist-bathurst-keyword.webp,Gynaecologist and Obstetrician,Lotus Medics,Lotus Medics Ranking 2nd and 3rd on Google Search for 'Gynecologist Bathurst' Keyword,62,17nfZR2meySJVzjsZ5XL96NZdD4r6F-zT
hair-transplant-clinics/az-hair-restoration/az-hair-restoration-ranking-2nd-on-google-maps-for-hair-transplant-raleigh-nc-keyword.webp,Hair Transplant Clinics,AZ Hair Restoration,AZ Hair Restoration Ranking 2nd on Google Maps for 'Hair Transplant Raleigh NC' Keyword,134,1mKQ1I-hpbeLrrIULls1Vqw2mTUPX6nZm
hair-transplant-clinics/az-hair-restoration/az-hair-restoration-ranking-3rd-on-google-maps-for-hair-restoration-raleigh-nc-keyword.webp,Hair Transplant Clinics,AZ Hair Restoration,AZ Hair Restoration Ranking 3rd on Google Maps for 'Hair Restoration Raleigh NC' Keyword,133,1zGyDCiLGr1M1LNrNrPvmy05lhnyAH_xo
hair-transplant-clinics/az-hair-restoration/az-hair-restoration-ranking-in-google-maps-for-the-keyword-hair-transplant-raleigh-nc.webp,Hair Transplant Clinics,AZ Hair Restoration,AZ Hair Restoration Ranking in Google Maps for the Keyword 'Hair Transplant Raleigh NC',252,11X03CLVUlSh9j78MX2DThSGKsbqTZP5T
hair-transplant-clinics/az-hair-restoration/az-hair-restoration-ranking-in-google-maps-for-the-keyword-hair-transplant-surgeon-north-caroli.webp,Hair Transplant Clinics,AZ Hair Restoration,AZ Hair Restoration Ranking in Google Maps for the Keyword 'Hair Transplant Surgeon North Carolina',253,1PQvmhTBL4iLZr_-f53JzKZzmhED0JbH3
hair-transplant-clinics/az-hair-restoration/az-hair-restoration-ranking-on-google-maps-for-the-keyword-fue-surgery-in-nc.webp,Hair Transplant Clinics,AZ Hair Restoration,AZ Hair Restoration Ranking on Google Maps for the Keyword 'Fue Surgery In NC',262,18KonqNPDRla5ZqwdE2n8gXXZhRzjxrZW
hair-transplant-clinics/az-hair-restoration/az-hair-restoration-ranking-on-google-maps-for-the-keyword-fut-hair-transplant-in-nc.webp,Hair Transplant Clinics,AZ Hair Restoration,AZ Hair Restoration Ranking on Google Maps for the Keyword 'Fut Hair Transplant In NC',261,1YE3VaHA3btoWIFHzKLu6_Juhgj2rOrQY
hair-transplant-clinics/atlantis-medical/atlantis-medical-month-on-month-conversion-growth.webp,Hair Transplant Clinics,Atlantis Medical,Atlantis Medical Month on Month Conversion Growth,164,15idR1-FDJczUiT9URxHGJMLMJTMjwKWi
hair-transplant-clinics/atlantis-medical/atlantis-medical-ranking-3rd-on-google-search-for-hair-transplant-melbourne-keyword.webp,Hair Transplant Clinics,Atlantis Medical,Atlantis Medical Ranking 3rd on Google Search for 'Hair Transplant Melbourne' Keyword,169,13kXb7kq0oAK4cUu_r0BZMbqox-IpeErk
hair-transplant-clinics/atlantis-medical/atlantis-medical-ranking-on-google-maps-for-the-keyword-best-hair-transplant-melbourne.webp,Hair Transplant Clinics,Atlantis Medical,Atlantis Medical Ranking on Google Maps for the Keyword 'Best Hair Transplant Melbourne',264,11aGD5MXMvGXzRbIkV7WrXZFC_rXH0beC
hair-transplant-clinics/darling-dawns/darling-downs-hair-transplant-clinic-ranking-1st-on-google-search-and-google-maps-for-hair-tran.webp,Hair Transplant Clinics,Darling Dawns,Darling Downs Hair Transplant Clinic Ranking 1st on Google Search and Google Maps for 'Hair Transplant Toowoomba' Keyword,170,1RTVnrgLwl2hLDPdKHDmDnYGxRB5xi-pi
hair-transplant-clinics/hair-transplants-melbourne/hair-transplants-melbourne-year-on-year-traffic-conversion-growth.webp,Hair Transplant Clinics,Hair Transplants Melbourne,Hair Transplants Melbourne Year on Year Traffic & Conversion Growth,244,12kSsriF5f-QNj7XzhqcQ-2iRpJqUISvq
hair-transplant-clinics/malay-mehta-aesthetic-clinic/malay-mehta-aesthetic-clinic-ranking-1st-on-google-search-for-artas-robotic-hair-transplant-cos.webp,Hair Transplant Clinics,Malay Mehta Aesthetic Clinic,Malay Mehta Aesthetic Clinic Ranking 1st on Google Search for 'Artas Robotic Hair Transplant Cost Mumbai' Keyword,61,1rbPcvv8Eh_Tirg1685e_mTN7NV3sTnK8
hair-transplant-clinics/malay-mehta-aesthetic-clinic/malay-mehta-aesthetic-clinic-ranking-1st-on-google-search-for-female-baldness-treatment-mumbai.webp,Hair Transplant Clinics,Malay Mehta Aesthetic Clinic,Malay Mehta Aesthetic Clinic Ranking 1st on Google Search for 'Female Baldness Treatment Mumbai' Keyword,56,1CAbBcTn8VAgHtDKJ7hSoL7XJy1zLXbu2
hair-transplant-clinics/malay-mehta-aesthetic-clinic/malay-mehta-aesthetic-clinic-ranking-1st-on-google-search-for-fue-hair-transplant-mumbai-keywor.webp,Hair Transplant Clinics,Malay Mehta Aesthetic Clinic,Malay Mehta Aesthetic Clinic Ranking 1st on Google Search for 'Fue Hair Transplant Mumbai' Keyword,59,1ME43Kc3xtC9aPS-QpFVVuIIcgqZbf0dx
hair-transplant-clinics/malay-mehta-aesthetic-clinic/malay-mehta-aesthetic-clinic-ranking-1st-on-google-search-for-long-hair-transplantation-mumbai.webp,Hair Transplant Clinics,Malay Mehta Aesthetic Clinic,Malay Mehta Aesthetic Clinic Ranking 1st on Google Search for 'Long Hair Transplantation Mumbai' Keyword,58,1XMGKNmsCyjgFdcGGgR5qhOrPki0mK_C1
hair-transplant-clinics/malay-mehta-aesthetic-clinic/malay-mehta-aesthetic-clinic-ranking-2nd-and-3rd-on-google-search-for-treatment-for-alopecia-mu.webp,Hair Transplant Clinics,Malay Mehta Aesthetic Clinic,Malay Mehta Aesthetic Clinic Ranking 2nd and 3rd on Google Search for 'Treatment For Alopecia Mumbai' Keyword,54,1U9UkJjJrNBwJleX8zcdpO-xgM7G3brIv
hair-transplant-clinics/malay-mehta-aesthetic-clinic/malay-mehta-aesthetic-clinic-ranking-on-google-maps-for-the-keyword-fue-hair-transplant-mumbai.webp,Hair Transplant Clinics,Malay Mehta Aesthetic Clinic,Malay Mehta Aesthetic Clinic Ranking on Google Maps for the Keyword 'Fue Hair Transplant Mumbai',259,1lzrLTxBpILlsAd_YdNgPsg-v7fCBCZSM
hair-transplant-clinics/malay-mehta-aesthetic-clinic/malay-mehta-aesthetic-clinic-ranking-on-google-maps-for-the-keyword-hair-specialist-doctor-in-m.webp,Hair Transplant Clinics,Malay Mehta Aesthetic Clinic,Malay Mehta Aesthetic Clinic Ranking on Google Maps for the Keyword 'Hair Specialist Doctor In Mumbai',260,1_3NVh8OZ4E2yyfFjD7rsJK0L9733-tKT
hair-transplant-clinics/omd-combined-results/hair-transplant-client-year-on-year-traffic-growth.webp,Hair Transplant Clinics,/,Hair Transplant Client Year on Year Traffic  Growth,191,1rfa-a_E9ZLu3aLKFdsrgYnp6G7DDxXVl
hair-transplant-clinics/the-crown-clinic/the-crown-clinic-ranking-1st-and-2nd-on-google-search-for-hair-transplant-sydney-keyword.webp,Hair Transplant Clinics,The Crown Clinic,The Crown Clinic Ranking 1st and 2nd on Google Search  for 'Hair Transplant Sydney' Keyword,113,14L9dwoP3c82yLdgaBqEiajxo5WX3wR_M
hair-transplant-clinics/the-crown-clinic/the-crown-clinic-ranking-1st-google-search-for-growth-factor-therapy-for-hair-melbourne-keyword.webp,Hair Transplant Clinics,The Crown Clinic,The Crown Clinic Ranking 1st Google Search for 'Growth Factor Therapy For Hair Melbourne' Keyword,116,1O6dNx0XebX0uvQx-jjnitv1SFeSIJcmE
hair-transplant-clinics/the-crown-clinic/the-crown-clinic-ranking-1st-google-search-for-growth-factor-therapy-for-hair-sydney-keyword.webp,Hair Transplant Clinics,The Crown Clinic,The Crown Clinic Ranking 1st Google Search for 'Growth Factor Therapy For Hair Sydney' Keyword,115,1AMLjaNX6HLdZJ9nGNnzye8mf_iX4Rijq
hair-transplant-clinics/the-crown-clinic/the-crown-clinic-ranking-1st-on-google-search-and-google-maps-for-fue-hair-transplant-clinic-sy.webp,Hair Transplant Clinics,The Crown Clinic,The Crown Clinic Ranking 1st on Google Search and Google Maps for 'Fue Hair Transplant Clinic Sydney' Keyword,109,1k2uBBPjfWhON8ZukWfvz2AAk8mfzk9vC
hair-transplant-clinics/the-crown-clinic/the-crown-clinic-ranking-1st-on-google-search-and-google-maps-for-hair-transplant-clinic-sydney.webp,Hair Transplant Clinics,The Crown Clinic,The Crown Clinic Ranking 1st on Google Search and Google Maps for 'Hair Transplant Clinic Sydney' Keyword,103,1qcUnY8U7uLP_0gAKCyQA8zTofT0u61G1
hair-transplant-clinics/the-crown-clinic/the-crown-clinic-ranking-1st-on-google-search-and-google-maps-for-hair-transplant-sydney-keywor.webp,Hair Transplant Clinics,The Crown Clinic,The Crown Clinic Ranking 1st on Google Search and Google Maps for 'Hair Transplant Sydney' Keyword,106,1MkEFcgo_J1dH7eP4dmzJfU8ZCHoqpvOg
hair-transplant-clinics/the-crown-clinic/the-crown-clinic-ranking-3rd-o-google-maps-for-hair-loss-treatment-sydney-keyword.webp,Hair Transplant Clinics,The Crown Clinic,The Crown Clinic Ranking 3rd o Google Maps for 'Hair Loss Treatment Sydney' Keyword,160,1gyo1JJRlxQoPirzfCAUdOSM0rrAMy6wB
head-and-neck-surgery-clinics/head2neck/head2neck-ranks-on-google-maps-for-neck-surgery-london-keyword.webp,Head and Neck Surgery Clinics,Head2Neck,"Head2Neck Ranks on Google Maps for ""Neck Surgery London"" Keyword",217,1Ovt66jDB4mXz2QFIsVcZ3t3u3pRHM65q
marketing-agency/online-marketing-for-doctors/online-marketing-for-doctors-ranking-on-google-maps-for-the-keyword-medical-marketing-agency-ad.webp,Marketing Agency,Online Marketing For Doctors,Online Marketing For Doctors Ranking on Google Maps for the Keyword 'Medical Marketing Agency Adelaide ',277,1Tuds3-lC5ZYh7ZVOpgEOT_PFEwZwKPwL
marketing-agency/online-marketing-for-doctors/online-marketing-for-doctors-ranking-on-google-maps-for-the-keyword-medical-marketing-agency-sy.webp,Marketing Agency,Online Marketing For Doctors,Online Marketing For Doctors Ranking on Google Maps for the Keyword 'Medical Marketing Agency Sydney',278,1qBBQvg0eG3SV4F6HUviim7Zozr2a8nWl
marketing-agency/online-marketing-for-doctors/online-marketing-for-doctors-ranking-on-google-search-for-medical-marketing-agency-melbourne.webp,Marketing Agency,Online Marketing For Doctors,Online Marketing For Doctors Ranking on Google Search for Medical Marketing Agency Melbourne,279,1IiLWdeWkQ-wW8OpZK1kzwJViYKssj8iy
men-and-women-health-clinics/mansmatters/mansmatters-monthly-traffic-growth.webp,Men and Women Health Clinics,MansMatters,MansMatters Monthly Traffic Growth,223,1Z3niYc4SmE7kMGRSJscwTKC3H5EOMdSi
men-and-women-health-clinics/mansmatters/mansmatters-ranks-1st-on-google-search-results-for-the-e-shot-treatment-london-keyword.webp,Men and Women Health Clinics,MansMatters,"MansMatters Ranks 1st on Google Search Results for the ""E Shot Treatment London"" Keyword",209,1MycjMRrlTG2m7fFsJWMZfya_A-YTBcOD
men-and-women-health-clinics/mansmatters/mansmatters-ranks-on-google-search-and-maps-results-for-the-peyronies-disease-treatment-london.webp,Men and Women Health Clinics,MansMatters,"MansMatters Ranks on Google Search and Maps Results for the ""Peyronie's Disease Treatment London"" Keyword",240,1DPL-a4Czy9_zKp7Pkf8JQ7MH3P6-7SzV
men-and-women-health-clinics/peyronie-s-disease-clinic/peyronies-disease-clinic-ranking-1st-on-google-search-and-google-maps-for-peyronies-disease-cli.webp,Men and Women Health Clinics,Peyronie's Disease Clinic,Peyronie's Disease Clinic Ranking 1st on Google Search and Google Maps for 'Peyronie's Disease Clinic near London' Keyword,5,1Ot9-7PACYdMFROImGeaCG2HAiRWP6RDY
mental-health-clinics/monarch-mental-health-group/monarch-mental-health-group-ranking-1st-on-google-maps-and-2nd-on-google-search-for-tms-psychia.webp,Mental Health Clinics,Monarch Mental Health Group,Monarch Mental Health Group Ranking 1st on Google Maps and 2nd on Google Search for 'Tms Psychiatrist' Keyword,153,1Vvm0qtJjiZPwEzLV_QgNmPvKlOYPfxLl
mental-health-clinics/monarch-mental-health-group/monarch-mental-health-group-ranking-1st-on-google-search-for-dtms-therapy-keyword.webp,Mental Health Clinics,Monarch Mental Health Group,Monarch Mental Health Group Ranking 1st on Google Search for 'Dtms Therapy' Keyword,155,14Cg_gLjt_inXEoUxQON2vecHX01z0rLU
mental-health-clinics/monarch-mental-health-group/monarch-mental-health-group-ranking-2nd-on-google-maps-for-tms-treatment-keyword.webp,Mental Health Clinics,Monarch Mental Health Group,Monarch Mental Health Group Ranking 2nd on Google Maps for 'Tms Treatment' Keyword,156,1p3K08TyIm1Qu5hFy7nc73kwokuWRdcFn
mental-health-clinics/monarch-mental-health-group/monarch-mental-health-group-ranking-2nd-on-google-search-for-ocd-treatment-australia-keyword.webp,Mental Health Clinics,Monarch Mental Health Group,Monarch Mental Health Group Ranking 2nd on Google Search for 'Ocd Treatment Australia' Keyword,154,1XiBHybMx_eEjtwLNwPteaQM4qpJ3QfKI
mental-health-clinics/monarch-mental-health-group/monarch-mental-health-group-ranking-4th-on-google-search-for-tms-for-ptsd-keyword.webp,Mental Health Clinics,Monarch Mental Health Group,Monarch Mental Health Group Ranking 4th on Google Search for 'Tms For Ptsd' Keyword,152,1_lELPzvfsnnkAWvocV_af8mtCcJtEFqS
neurology-clinics/cura-medical-specialists/cura-medical-specialists-ranking-1st-on-google-search-for-transient-ischemic-attack-treatment-s.webp,Neurology Clinics,Cura Medical Specialists,Cura Medical Specialists Ranking 1st on Google Search for 'Transient Ischemic Attack Treatment Sydney' Keyword,97,143ugHcTN449aEBIKtOD-7-Ts0-SGfT95
neurology-clinics/cura-medical-specialists/cura-medical-specialists-ranking-2nd-on-google-search-for-neurological-stroke-treatment-sydney.webp,Neurology Clinics,Cura Medical Specialists,Cura Medical Specialists Ranking 2nd on Google Search for 'Neurological Stroke Treatment Sydney' Keyword,91,1vn9QqXIUYX-0fWJV2HMGbHwm2WOMMcWW
orthopaedic-surgery/mid-north-coast-hip-knee-clinic/mid-north-coast-hip-knee-clinic-1st-on-google-maps-for-orthopaedic-surgeon-taree-keyword.webp,Orthopaedic Surgery,Mid North Coast Hip & Knee Clinic,Mid North Coast Hip & Knee Clinic 1st on Google Maps for 'Orthopaedic Surgeon Taree' Keyword,49,1Sfe0SfYOQQJV5KoLEBHHz7-0NaxHWoz-
orthopaedic-surgery/mid-north-coast-hip-knee-clinic/mid-north-coast-hip-knee-clinic-1st-on-google-search-and-google-maps-for-muscle-sparing-hip-rep.webp,Orthopaedic Surgery,Mid North Coast Hip & Knee Clinic,Mid North Coast Hip & Knee Clinic 1st on Google Search and Google Maps for 'Muscle Sparing Hip Replacement Coffs Harbour' Keyword,45,1Gbi9f3xSxGrFYX6V5uhc8F4tIOcI2BVO
orthopaedic-surgery/mid-north-coast-hip-knee-clinic/mid-north-coast-hip-knee-clinic-1st-on-google-search-and-google-maps-maps-for-total-knee-replac.webp,Orthopaedic Surgery,Mid North Coast Hip & Knee Clinic,Mid North Coast Hip & Knee Clinic 1st on Google Search and Google Maps Maps for 'Total Knee Replacement Surgery Coffs Harbour' Keyword,60,1xs0YuSjMM72d5z_sY8bf9njeZaa4mfzh
orthopaedic-surgery/mid-north-coast-hip-knee-clinic/mid-north-coast-hip-knee-clinic-2nd-and-3rd-on-google-search-for-robotic-hip-replacement-cost-c.webp,Orthopaedic Surgery,Mid North Coast Hip & Knee Clinic,Mid North Coast Hip & Knee Clinic 2nd and 3rd on Google Search for 'Robotic Hip Replacement Cost Coffs Harbour' Keyword,48,1y87SIl3CX_XYh1Lp4DWZ2CngUS2KBoAZ
orthopaedic-surgery/mid-north-coast-hip-knee-clinic/mid-north-coast-hip-knee-clinic-ranking-1st-and-2nd-on-google-search-for-knee-replacement-treat.webp,Orthopaedic Surgery,Mid North Coast Hip & Knee Clinic,Mid North Coast Hip & Knee Clinic Ranking 1st and 2nd on Google Search for 'Knee Replacement Treatment Coffs Harbour' Keyword,34,1tweR3KgsHiX-olkEf0Ht1fgNl00MutAw
orthopaedic-surgery/mid-north-coast-hip-knee-clinic/mid-north-coast-hip-knee-clinic-ranking-2nd-and-3rd-on-google-search-for-total-knee-replacement.webp,Orthopaedic Surgery,Mid North Coast Hip & Knee Clinic,Mid North Coast Hip & Knee Clinic Ranking 2nd and 3rd on Google Search for 'Total Knee Replacement Coffs Harbour' Keyword,37,11vPlbo6f-rYXjfI4lhhkhapIuC0Bq2hE
orthopaedic-surgery/moati/moati-ranking-1st-on-google-search-for-hip-fracture-repair-surgery-melbourne-keyword.webp,Orthopaedic Surgery,Moati,Moati Ranking 1st on Google Search for 'Hip Fracture Repair Surgery Melbourne' Keyword,40,1ujMrJj7S5bJF5gyu0lo8QMgMpAF6TDlk
orthopaedic-surgery/moati/moati-ranking-1st-on-google-search-for-knee-injections-for-arthritis-melbourne-keyword.webp,Orthopaedic Surgery,Moati,Moati Ranking 1st on Google Search for 'Knee Injections For Arthritis Melbourne' Keyword,33,1106mbhAFebBASBp2cA5kqI9uaXstDpF9
orthopaedic-surgery/moati/moati-ranking-1st-on-google-search-for-orthopaedic-surgeon-toorak-keyword.webp,Orthopaedic Surgery,Moati,Moati Ranking 1st on Google Search for 'Orthopaedic Surgeon Toorak' Keyword,35,1IzQ4nv_l3vLMHHqfc6kEcijkY4hl2WjH
orthopaedic-surgery/moati/moati-ranking-2nd-on-google-search-for-sports-injury-knee-melbournek-keyword.webp,Orthopaedic Surgery,Moati,Moati Ranking 2nd on Google Search for 'Sports Injury Knee Melbournek' Keyword,39,1-L3EdZBaJNAfkkbWuakboE6iOxQeBPvK
orthopaedic-surgery/moati/moati-ranking-3rd-and-4th-on-google-search-for-mako-total-knee-replacement-melbourne-keyword.webp,Orthopaedic Surgery,Moati,Moati Ranking 3rd and 4th on Google Search for 'Mako Total Knee Replacement Melbourne' Keyword,42,14eftPByGyLWMNBfGVkc9bJM9x1PAhVlh
orthopaedic-surgery/moati/moati-ranking-3rd-on-google-search-for-knee-replacement-melbourne-keyword.webp,Orthopaedic Surgery,Moati,Moati Ranking 3rd on Google Search for 'Knee Replacement Melbourne' Keyword,41,1FW_5kil71mPRRzj1x5ywP6b-PP4yCuQ2
orthopaedic-surgery/moati/moati-ranking-in-google-snippets-for-the-keyword-coolief-procedure-for-hip-pain-melbourne.webp,Orthopaedic Surgery,Moati,Moati Ranking in Google Snippets for the Keyword 'Coolief Procedure For Hip Pain Melbourne',38,1gwHdvddXVRSvPujCbeDwMX8BDXijFMnv
orthopaedic-surgery/moati/moati-ranking-in-google-snippets-for-the-keyword-hip-arthritis-symptoms-melbourne.webp,Orthopaedic Surgery,Moati,Moati Ranking in Google Snippets for the Keyword 'Hip Arthritis Symptoms Melbourne',44,19NeUr22YkVV9KixIegeiWDD1BZ_0gpGE
physiotherapy-clinics/infinity-allied-healthcare/infinity-allied-healthcare-ranking-1st-and-2nd-on-google-search-for-physiotherapy-for-genetic-c.webp,Physiotherapy Clinics,Infinity Allied Healthcare,Infinity Allied Healthcare Ranking 1st and 2nd on Google Search for 'Physiotherapy For Genetic Conditions Parramatta' Keyword,73,1WhOw-e8O8Snd3M-f8FtBEz4qGGtPNb6B
physiotherapy-clinics/infinity-allied-healthcare/infinity-allied-healthcare-ranking-1st-and-2nd-on-google-search-for-traumatic-brain-injury-phys.webp,Physiotherapy Clinics,Infinity Allied Healthcare,Infinity Allied Healthcare Ranking 1st and 2nd on Google Search for 'Traumatic Brain Injury Physiotherapy Toongabbie' Keyword,93,1gsNcmY5mZOtcrjZGAPcto_roY-qdKha7
physiotherapy-clinics/infinity-allied-healthcare/infinity-allied-healthcare-ranking-1st-on-google-maps-for-physiotherapy-for-runners-toongabbie.webp,Physiotherapy Clinics,Infinity Allied Healthcare,Infinity Allied Healthcare Ranking 1st on Google Maps for 'Physiotherapy For Runners Toongabbie' Keyword,102,1yxYLCkxlCmfKWABoE3q9sudEJBncJjhq
physiotherapy-clinics/infinity-allied-healthcare/infinity-allied-healthcare-ranking-1st-on-google-search-and-google-maps-for-hip-physio-parramat.webp,Physiotherapy Clinics,Infinity Allied Healthcare,Infinity Allied Healthcare Ranking 1st on Google Search and Google Maps for 'Hip Physio Parramatta' Keyword,84,1s8CIe4Q__lyhNRoMeMBej-vui4-TWzYp
physiotherapy-clinics/infinity-allied-healthcare/infinity-allied-healthcare-ranking-1st-on-google-search-and-google-maps-for-remedial-massage-th.webp,Physiotherapy Clinics,Infinity Allied Healthcare,Infinity Allied Healthcare Ranking 1st on Google Search and Google Maps for 'Remedial Massage Therapy Cherrybrook' Keyword,101,1KmOjC7ydGWr5lhGDT8lEVRq8mUB4ByyO
physiotherapy-clinics/infinity-allied-healthcare/infinity-allied-healthcare-ranking-2nd-and-3rd-on-google-search-for-sydney-physio-toongabbie-ke.webp,Physiotherapy Clinics,Infinity Allied Healthcare,Infinity Allied Healthcare Ranking 2nd and 3rd on Google Search for 'Sydney Physio Toongabbie' Keyword,75,1Hg-h5qRzgRvnb3mkHJitC6_0-j6jAaZP
physiotherapy-clinics/infinity-allied-healthcare/infinity-allied-healthcare-ranking-3rd-on-google-search-for-physiotherapy-for-runners-parramatt.webp,Physiotherapy Clinics,Infinity Allied Healthcare,Infinity Allied Healthcare Ranking 3rd on Google Search for 'Physiotherapy For Runners Parramatta' Keyword,78,19y0k6GJlb40bIoYQ1bQjGUyNNWrzPZzv
plastic-surgery/breast-and-body-clinic/breast-and-body-clinic-ranking-1st-on-google-maps-for-breast-reduction-surgery-manchester-keywo.webp,Plastic Surgery,Breast and Body Clinic,Breast and Body Clinic Ranking 1st on Google Maps for 'Breast Reduction Surgery Manchester' Keyword,104,1H38JvxhPz2Eb3U5kgsfgVIq3OCdgvedn
plastic-surgery/breast-and-body-clinic/breast-and-body-clinic-ranking-1st-on-google-maps-for-cosmetic-surgery-clinic-manchester-keywor.webp,Plastic Surgery,Breast and Body Clinic,Breast and Body Clinic Ranking 1st on Google Maps for 'Cosmetic Surgery Clinic Manchester' Keyword,108,167aP3as_wcOHEqQErD7136FFQJASj9xB
plastic-surgery/breast-and-body-clinic/breast-and-body-clinic-ranking-1st-on-google-maps-for-mummy-makeover-manchester-keyword.webp,Plastic Surgery,Breast and Body Clinic,Breast and Body Clinic Ranking 1st on Google Maps for 'Mummy Makeover Manchester' Keyword,127,1FMsotmxb_cW2RrxbAeSHYFNGdGXjT2A9
plastic-surgery/breast-and-body-clinic/breast-and-body-clinic-ranking-1st-on-google-maps-for-mummy-makeover-surgery-manchester-keyword-2.webp,Plastic Surgery,Breast and Body Clinic,Breast and Body Clinic Ranking 1st on Google Maps for 'Mummy Makeover Surgery Manchester' Keyword,114,16xwit0IBeEwbVGefR9SynHURv_gwqyO5
plastic-surgery/breast-and-body-clinic/breast-and-body-clinic-ranking-1st-on-google-maps-for-mummy-makeover-surgery-manchester-keyword.webp,Plastic Surgery,Breast and Body Clinic,Breast and Body Clinic Ranking 1st on Google Maps for 'Mummy Makeover Surgery Manchester' Keyword,15,1zbV5kGgjgxUKGvz8hwA9dnaBa9-gK6Vr
plastic-surgery/breast-and-body-clinic/breast-and-body-clinic-ranking-1st-on-google-maps-for-thigh-reduction-surgery-manchester-keywor.webp,Plastic Surgery,Breast and Body Clinic,Breast and Body Clinic Ranking 1st on Google Maps for 'Thigh Reduction Surgery Manchester' Keyword,110,1Z2BgBxX637mM3T9Abg8t2ZEOdC9PKkrq
plastic-surgery/breast-and-body-clinic/breast-and-body-clinic-ranking-1st-on-google-maps-for-tummy-tuck-manchester-keyword.webp,Plastic Surgery,Breast and Body Clinic,Breast and Body Clinic Ranking 1st on Google Maps for 'Tummy Tuck Manchester' Keyword,13,1vv-9_tHDTxOH4ZgxSf6sLgdxgwGtMv1q
plastic-surgery/breast-and-body-clinic/breast-and-body-clinic-ranking-2nd-on-google-maps-for-gynecomastia-surgery-manchester-keyword.webp,Plastic Surgery,Breast and Body Clinic,Breast and Body Clinic Ranking 2nd on Google Maps for 'Gynecomastia Surgery Manchester' Keyword,111,1gsc_7D5wth3TW7QLf-8YDeZKw8XgFtlf
plastic-surgery/breast-and-body-clinic/breast-and-body-clinic-ranking-2nd-on-google-maps-for-labiaplasty-manchester-keyword.webp,Plastic Surgery,Breast and Body Clinic,Breast and Body Clinic Ranking 2nd on Google Maps for 'Labiaplasty Manchester' Keyword,11,1i8i0IinDWGwP236ccdYv8vj_UPPiiHYQ
plastic-surgery/breast-and-body-clinic/breast-and-body-clinic-ranking-2nd-on-google-maps-for-male-breast-reduction-manchester-keyword.webp,Plastic Surgery,Breast and Body Clinic,Breast and Body Clinic Ranking 2nd on Google Maps for 'Male Breast Reduction Manchester' Keyword,105,1SUFm0XU0-sehxiKIIKIwAzSPzlkBK8kd
plastic-surgery/breast-and-body-clinic/breast-and-body-clinic-ranking-2nd-on-google-maps-for-plastic-surgery-clinic-manchester-keyword.webp,Plastic Surgery,Breast and Body Clinic,Breast and Body Clinic Ranking 2nd on Google Maps for 'Plastic Surgery Clinic Manchester' Keyword,112,16ofzr_FulF3TVwHqMYIzXxcyoA8m4EJ1
plastic-surgery/breast-and-body-clinic/breast-and-body-clinic-ranking-3rd-and-4th-on-google-search-for-mummy-makeover-preston-keyword.webp,Plastic Surgery,Breast and Body Clinic,Breast and Body Clinic Ranking 3rd and 4th on Google Search for 'Mummy Makeover Preston' Keyword,107,16mY5lAdtFj-1K47VnJ2PCCx9014pRIAL
plastic-surgery/breast-and-body-clinic/breast-and-body-clinic-ranks-on-google-maps-for-the-keyword-breast-augmentation-manchester-keyw.webp,Plastic Surgery,Breast and Body Clinic,"Breast and Body Clinic Ranks on Google Maps for the Keyword ""Breast Augmentation Manchester"" Keyword",203,15YciR5_OER0EbdP42IXA-2zKH-ZNu53e
plastic-surgery/breast-and-body-clinic/breast-and-body-clinic-ranks-on-google-maps-for-the-keyword-breast-reduction-surgery-manchester.webp,Plastic Surgery,Breast and Body Clinic,"Breast and Body Clinic Ranks on Google Maps for the Keyword ""Breast Reduction Surgery Manchester"" Keyword",236,1Qi4OjyCO-fJhMD_uG85COM9rpEHFhLmi
plastic-surgery/breast-and-body-clinic/breast-and-body-clinic-ranks-on-google-maps-for-the-keyword-tummy-reduction-near-manchester-key.webp,Plastic Surgery,Breast and Body Clinic,"Breast and Body Clinic Ranks on Google Maps for the Keyword ""Tummy Reduction near Manchester"" Keyword",200,1jkEuEQ9dptI5KI5ME2CtMtv_NNKoNxiE
plastic-surgery/breast-and-body-clinic/breast-and-body-clinic-ranks-on-google-maps-for-the-keyword-tummy-tuck-surgery-manchester-keywo.webp,Plastic Surgery,Breast and Body Clinic,"Breast and Body Clinic Ranks on Google Maps for the Keyword ""Tummy Tuck  Surgery Manchester"" Keyword",237,1CEBv-Nx8jmNVPhC8hiFvjxWCpeVRo_Zj
plastic-surgery/breast-and-body-clinic/breast-and-body-clinic-year-on-year-traffic-growth.webp,Plastic Surgery,Breast and Body Clinic,Breast and Body Clinic Year on Year Traffic Growth,165,1U3KJvTLOPn5mX8y-AbBUkrl7uVzKcksx
plastic-surgery/breast-and-body-uk/breast-and-body-uk-ranking-in-google-maps-for-the-keyword-mummy-makeover-manchester.webp,Plastic Surgery,Breast and Body UK,Breast and Body UK Ranking in Google Maps for the Keyword 'Mummy Makeover Manchester',254,1dxye_C3mZYeWRIlYqt67NgrJ-Apa-QtI
plastic-surgery/breast-and-body-uk/breast-and-body-uk-ranking-in-google-maps-for-the-keyword-tummy-tuck-manchester.webp,Plastic Surgery,Breast and Body UK,Breast and Body UK Ranking in Google Maps for the Keyword 'Tummy Tuck Manchester',255,1mIznYSXIjYapp9003T3J9q8fOwACJscN
plastic-surgery/british-face-clinic/british-face-clinic-google-business-profile-ranks-for-the-keyword-deep-plane-facelift-near-lond.webp,Plastic Surgery,British Face Clinic,"British Face Clinic  Google Business Profile Ranks for the Keyword "" Deep Plane Facelift Near London"" Keyword",204,1Uk1EymLDOLyTvlqbfPpt4JRTwJcxdBd8
plastic-surgery/british-face-clinic/british-face-clinic-month-on-month-traffic-conversion-growth.webp,Plastic Surgery,British Face Clinic,British Face Clinic Month on Month Traffic & Conversion Growth,135,1XlU5JUeMb062KXjNZG5vEGRyoiwUVflo
plastic-surgery/british-face-clinic/british-face-clinic-ranking-in-google-snippets-and-google-maps-for-the-keyword-rhinoplasty-nort-2.webp,Plastic Surgery,British Face Clinic,British Face Clinic Ranking in Google Snippets and Google Maps for the Keyword 'Rhinoplasty Northampton',256,1dK96XEGfKvbUy8IfbnA1v2SVfmb1YkiJ
plastic-surgery/british-face-clinic/british-face-clinic-ranking-in-google-snippets-and-google-maps-for-the-keyword-rhinoplasty-nort.webp,Plastic Surgery,British Face Clinic,British Face Clinic Ranking in Google Snippets and Google Maps for the Keyword 'Rhinoplasty Northampton',249,1X9YuMvUmnhlKmmTIca1HQhnKLY_kccO0
plastic-surgery/british-face-clinic/british-face-clinic-ranking-on-google-maps-for-the-keyword-rhinoplasty-milton-keynes.webp,Plastic Surgery,British Face Clinic,British Face Clinic Ranking on Google Maps for the Keyword 'Rhinoplasty Milton Keynes',271,1Lu0IbO1CMAHsaXiF6Hcu5X7Y8Z1tooIO
plastic-surgery/british-face-clinic/british-face-clinic-ranking-on-google-maps-for-the-keyword-rhinoplasty-northampton.webp,Plastic Surgery,British Face Clinic,British Face Clinic Ranking on Google Maps for the Keyword ' Rhinoplasty Northampton',272,1J84VdljS7_hEBQuxS_n12RebZ0oS48o4
plastic-surgery/british-face-clinic/british-face-clinic-ranks-on-google-maps-for-deep-plane-facelift-london-keyword.webp,Plastic Surgery,British Face Clinic,"British Face Clinic Ranks on Google Maps for ""Deep Plane Facelift London"" Keyword",238,1dbfoo6xNUpLNBXkfGOutOgtxaYGzHUJC
plastic-surgery/british-face-clinic/british-face-clinic-year-on-year-traffic-conversion-growth.webp,Plastic Surgery,British Face Clinic,British Face Clinic Year on Year Traffic & Conversion Growth,136,1qBcQXYBxFx1xdNVX7zKq4mVEV-JSPKn5
plastic-surgery/cambridge-clear-beauty/cambridge-clear-beauty-ranking-on-google-search-for-the-keyword-facelift-in-cambridge.webp,Plastic Surgery,Cambridge Clear Beauty,Cambridge Clear Beauty Ranking on Google Search for the Keyword ' Facelift In Cambridge',263,1v_f_rhYjthkbDLwFqqeRuzO6xccqdSfa
plastic-surgery/delta-clinics/delta-clinics-monthly-traffic-growth.webp,Plastic Surgery,Delta Clinics,Delta Clinics Monthly Traffic Growth,222,1XBx8xG2dnzu09NtiOZwys3DqXw3dEzQD
plastic-surgery/delta-clinics/delta-clinics-ranking-1st-on-google-search-and-google-maps-for-plastic-surgery-near-finchley-lo.webp,Plastic Surgery,Delta Clinics,Delta Clinics Ranking 1st on Google Search and Google Maps for 'Plastic Surgery near Finchley London' Keyword,3,11d2TUrm1JFPQGCpBC7TTW05wtK6SMVuu
plastic-surgery/delta-clinics/delta-clinics-ranking-in-google-snippets-and-google-maps-for-the-keyword-3d-tummy-tuck-near-lon.webp,Plastic Surgery,Delta Clinics,Delta Clinics Ranking in Google Snippets and Google Maps for the Keyword '3D Tummy Tuck near London',2,1vWYibbwwAINCMZzqlJ2l5M9CJ2PSgtWs
plastic-surgery/delta-clinics/delta-clinics-ranking-on-google-maps-for-the-keyword-abdominoplasty-london.webp,Plastic Surgery,Delta Clinics,Delta Clinics Ranking on Google Maps for the Keyword 'Abdominoplasty London',276,1YG4ZaMPPMLUqYmJYjaFV5RwG9-9Xy5oI
plastic-surgery/delta-clinics/delta-clinics-ranking-on-google-maps-for-the-keyword-full-tummy-tuck-london.webp,Plastic Surgery,Delta Clinics,Delta Clinics Ranking on Google Maps for the Keyword 'Full Tummy Tuck London',275,1dCz62pG4lcEIiKfjjaV7TfOZh6cYuWYg
plastic-surgery/delta-clinics/delta-clinics-ranking-on-google-maps-for-the-keyword-tummy-tuck-london.webp,Plastic Surgery,Delta Clinics,Delta Clinics Ranking on Google Maps for the Keyword 'Tummy Tuck London',274,1Zz1g4J1BsQuEx488a4aDyTQc6lgtJYjB
plastic-surgery/delta-clinics/delta-clinics-ranking-on-google-search-for-the-keyword-fleur-de-lis-tummy-tuck-london.webp,Plastic Surgery,Delta Clinics,Delta Clinics Ranking on Google Search for the Keyword 'Fleur de Lis Tummy Tuck London',273,1CUix_ApLwOjAy2DtvqNjIlwxn4OAFz6j
plastic-surgery/delta-clinics/delta-clinics-ranks-on-google-maps-for-the-keyword-extended-tummy-tuck-london-keyword.webp,Plastic Surgery,Delta Clinics,"Delta Clinics Ranks on Google Maps for the Keyword ""Extended Tummy Tuck London"" Keyword",239,1Dl8d41B1A20PfqFXYDbYJrIB9yVJkKWB
plastic-surgery/delta-clinics/delta-clinics-ranks-on-google-maps-for-the-keyword-plastic-surgery-clinic-london-keyword.webp,Plastic Surgery,Delta Clinics,"Delta Clinics Ranks on Google Maps for the Keyword ""Plastic Surgery Clinic London"" Keyword",206,14q_SgSKnF-z_hzc9mt5PHPoaPbyc0453
plastic-surgery/delta-clinics/delta-clinics-year-on-year-traffic-conversion-growth.webp,Plastic Surgery,delta Clinics,Delta Clinics Year on Year Traffic & Conversion Growth,241,1y7uXxgRsOghoFSoj_AqEGV_ZPGYCDWBx
plastic-surgery/dr-darriyl-hodgkinson/dr-darriyl-hodgkinson-ranking-1st-and-2nd-on-google-search-and-google-maps-for-neck-lift-sydney.webp,Plastic Surgery,Dr Darriyl Hodgkinson,Dr Darriyl Hodgkinson Ranking 1st and 2nd on Google Search and Google Maps for 'Neck Lift Sydney' Keyword,86,1VB7pEGAJpDn5WwGyZbejDo3cRZ0c2ua3
plastic-surgery/dr-darriyl-hodgkinson/dr-darriyl-hodgkinson-ranking-1st-on-google-search-and-google-maps-for-facelift-sydney-keyword.webp,Plastic Surgery,Dr Darriyl Hodgkinson,Dr Darriyl Hodgkinson Ranking 1st on Google Search and Google Maps for 'Facelift Sydney' Keyword,87,1mVTevf2gqLbtWCBNCDu1ouNsc3pXl5uY
plastic-surgery/dr-darriyl-hodgkinson/dr-darriyl-hodgkinson-ranking-1st-on-google-search-and-google-maps-for-neck-surgery-sydney-keyw.webp,Plastic Surgery,Dr Darriyl Hodgkinson,Dr Darriyl Hodgkinson Ranking 1st on Google Search and Google Maps for 'Neck Surgery Sydney' Keyword,99,1Jr1-ZxaWsX00ZDQgUWsGT55AMVv83JLt
plastic-surgery/dr-darriyl-hodgkinson/dr-darriyl-hodgkinson-ranking-1st-on-google-search-for-cheek-augmentation-sydney-keyword.webp,Plastic Surgery,Dr Darriyl Hodgkinson,Dr Darriyl Hodgkinson Ranking 1st on Google Search for 'Cheek Augmentation Sydney' Keyword,94,1dB4mfpLXkrcT6gHRsfq3_Zjftu3rdN12
plastic-surgery/dr-darriyl-hodgkinson/dr-darriyl-hodgkinson-ranking-1st-on-google-search-for-eye-bag-removal-sydney-keyword.webp,Plastic Surgery,Dr Darriyl Hodgkinson,Dr Darriyl Hodgkinson Ranking 1st on Google Search for 'Eye Bag Removal Sydney' Keyword,90,1vakE27mxEEGmFAHGY8dc6udob6Gtmzx6
plastic-surgery/dr-darriyl-hodgkinson/dr-darriyl-hodgkinson-ranking-1st-on-google-search-for-eye-lift-sydney-keyword.webp,Plastic Surgery,Dr Darriyl Hodgkinson,Dr Darriyl Hodgkinson Ranking 1st on Google Search for 'Eye Lift Sydney' Keyword,96,1Hvzfg5lxH75ebpTrcrJIMPS99H-UeQ0g
plastic-surgery/dr-darriyl-hodgkinson/dr-darriyl-hodgkinson-ranking-1st-on-google-search-for-neck-lift-surgery-sydney-keyword.webp,Plastic Surgery,Dr Darriyl Hodgkinson,Dr Darriyl Hodgkinson Ranking 1st on Google Search for 'Neck Lift Surgery Sydney' Keyword,92,18xsMlbHskRKzsv9Puy3o31xlW1rGm5pJ
plastic-surgery/dr-darriyl-hodgkinson/dr-darriyl-hodgkinson-ranking-1st-on-google-search-for-rhinoplasty-men-sydney-keyword.webp,Plastic Surgery,Dr Darriyl Hodgkinson,Dr Darriyl Hodgkinson Ranking 1st on Google Search for 'Rhinoplasty Men Sydney' Keyword,95,1UFjvZrytMf55HDK9mJcxdtwPYeP1rrDO
plastic-surgery/dr-darriyl-hodgkinson/dr-darriyl-hodgkinson-ranking-3rd-and-4th-on-google-search-for-sagging-eyelids-surgery-sydney-k.webp,Plastic Surgery,Dr Darriyl Hodgkinson,Dr Darriyl Hodgkinson Ranking 3rd and 4th on Google Search for 'Sagging Eyelids Surgery Sydney' Keyword,88,15MVKOzqBT0XBeN8XihZ-EVNJ2qjIgz6r
plastic-surgery/dr-michael-zacharia/dr-michael-zacharia-ranking-1st-on-google-search-and-google-maps-for-facelift-sydney-keyword.webp,Plastic Surgery,Dr Michael Zacharia,Dr Michael Zacharia Ranking 1st on Google Search and Google Maps for 'Facelift Sydney' Keyword,118,1pb-tEdadX2X1UpT0z8CBM1ihz6rJSwG_
plastic-surgery/dr-michael-zacharia/dr-michael-zacharia-ranking-2nd-on-google-maps-for-face-lift-sydney-keyword.webp,Plastic Surgery,Dr Michael Zacharia,Dr Michael Zacharia Ranking 2nd on Google Maps for 'Face Lift Sydney' Keyword,119,12xKB4KkwjNYE-UBDMVfEySInana99YK3
plastic-surgery/dr-queenie-chan/dr-queenie-chan-ranking-1st-on-google-search-and-ai-for-sun-damage-treatment-albury-keyword.webp,Plastic Surgery,Dr Queenie Chan,Dr Queenie Chan Ranking 1st on Google Search and AI for 'Sun Damage Treatment Albury' Keyword,231,1IOA58cNeS0-Dk_rfKKqOUMakB8uPF4eR
plastic-surgery/dr-queenie-chan/dr-queenie-chan-ranking-1st-on-google-search-and-maps-for-melasma-treatment-albury-keyword.webp,Plastic Surgery,Dr Queenie Chan,Dr Queenie Chan Ranking 1st on Google Search and Maps for 'Melasma Treatment Albury' Keyword,230,1Ich6RV7vaVblPaiZsGhAyq1b7hXF6xhB
plastic-surgery/dr-queenie-chan/dr-queenie-chan-ranking-1st-on-google-search-and-maps-for-plastic-surgeon-albury-keyword.webp,Plastic Surgery,Dr Queenie Chan,Dr Queenie Chan Ranking 1st on Google Search and Maps for 'Plastic Surgeon Albury' Keyword,229,1NEiaTsOof873k_UM26V3cO-1BFPSI-bC
plastic-surgery/dr-queenie-chan/dr-queenie-chan-ranking-1st-on-google-search-for-albury-acne-treatment-keyword.webp,Plastic Surgery,Dr Queenie Chan,Dr Queenie Chan Ranking 1st on Google Search for 'Albury Acne Treatment' Keyword,224,16ZB1uznqrXneSMwkwS2tZvxeSU0Yd2WY
plastic-surgery/dr-queenie-chan/dr-queenie-chan-ranking-2nd-on-google-search-and-google-maps-for-plastic-surgeon-albury-keyword.webp,Plastic Surgery,Dr Queenie Chan,Dr Queenie Chan Ranking 2nd on Google Search and Google Maps for 'Plastic Surgeon Albury' Keyword,139,1465iopLqwwFocprVI4Y5R00GwUHrn4T3
plastic-surgery/eastern-plastic-surgery/eastern-plastic-surgery-monthly-conversion-traffic-growth.webp,Plastic Surgery,Eastern Plastic Surgery,Eastern Plastic Surgery Monthly Conversion & Traffic Growth,219,1BRMZwfrHWmT4tLQ95NAgEteFBYw3_dMW
plastic-surgery/eastern-plastic-surgery/eastern-plastic-surgery-ranks-1st-on-google-maps-and-search-results-for-the-plastic-surgeon-box.webp,Plastic Surgery,Eastern Plastic Surgery,Eastern Plastic Surgery Ranks 1st on Google Maps and Search Results for the Plastic Surgeon Box Hill Keyword,228,1_4EZVsBj3NFwa36hlEUzgh58aL22TUK4
plastic-surgery/eastern-plastic-surgery/eastern-plastic-surgery-ranks-1st-on-google-search-and-maps-results-for-the-double-eyelid-surge.webp,Plastic Surgery,Eastern Plastic Surgery,"Eastern Plastic Surgery Ranks 1st on Google Search and Maps Results for the ""Double Eyelid Surgery Melbourne"" Keyword",227,14YrQkGM1Xrehur2mDXjSvNglMiIoUDLt
plastic-surgery/eastern-plastic-surgery/eastern-plastic-surgery-ranks-1st-on-google-search-results-for-the-bilateral-upper-lid-blepharo.webp,Plastic Surgery,Eastern Plastic Surgery,"Eastern Plastic Surgery Ranks 1st on Google Search Results for the ""Bilateral Upper Lid Blepharoplasty Melbourne"" Keyword",225,14xsEWstER4wROGXxKAKvhHM0bkOuujDF
plastic-surgery/eastern-plastic-surgery/eastern-plastic-surgery-ranks-1st-on-google-search-results-for-the-epicanthoplasty-in-melbourne.webp,Plastic Surgery,Eastern Plastic Surgery,"Eastern Plastic Surgery Ranks 1st on Google Search Results for the ""Epicanthoplasty In Melbourne"" Keyword",207,1z8rMYNzmciRLQgoVXp2YG2VPkDhJWw7o
plastic-surgery/eastern-plastic-surgery/eastern-plastic-surgery-ranks-1st-on-google-search-results-for-the-saggy-neck-treatment-melbour.webp,Plastic Surgery,Eastern Plastic Surgery,"Eastern Plastic Surgery Ranks 1st on Google Search Results for the ""Saggy Neck Treatment Melbourne"" Keyword",226,1-M-nqrIVjlYTlP3smqUv4bazQ5vGqp9q
plastic-surgery/eastern-plastic-surgery/eastern-plastic-surgery-year-on-year-traffic-conversion-growth.webp,Plastic Surgery,Eastern Plastic Surgery,Eastern Plastic Surgery Year on Year Traffic & Conversion Growth,242,14m2Y71zdjfw7qWI69rsb97KYWKExhuUG
plastic-surgery/hr-plastic-surgery/hr-plastic-surgery-ranking-in-all-3-positions-on-google-maps-for-mummy-makeover-hertfordshire-k.webp,Plastic Surgery,HR Plastic Surgery,HR Plastic Surgery Ranking in All 3 Positions on Google Maps for 'Mummy Makeover Hertfordshire' Keyword,89,1S9VOZN6l4nz3CuVpPZjF9Q2uHwmLNSAz
plastic-surgery/hand-wrist-surgery-uk/hand-wrist-surgery-uk-ranking-1st-on-google-search-for-nerve-pain-in-wrist-and-hand-hertfordshi.webp,Plastic Surgery,Hand & Wrist Surgery UK,Hand & Wrist Surgery UK Ranking 1st on Google Search for 'Nerve Pain In Wrist And Hand Hertfordshire' Keyword,171,14fHP941afgCD0NwgwH3MJI7E8Z2wVq1y
plastic-surgery/hand-wrist-surgery-uk/hand-wrist-surgery-uk-ranking-1st-on-google-search-for-nerve-pain-in-wrist-hertfordshire-keywor.webp,Plastic Surgery,Hand & Wrist Surgery UK,Hand & Wrist Surgery UK Ranking 1st on Google Search for 'Nerve Pain In Wrist Hertfordshire' Keyword,172,199NddCz7ZN7nIrbi4ViRQy4iiAJJfQse
plastic-surgery/hand-wrist-surgery-uk/hand-wrist-surgery-uk-ranking-2nd-on-google-search-for-nerve-palsy-hertfordshire-keyword.webp,Plastic Surgery,Hand & Wrist Surgery UK,Hand & Wrist Surgery UK Ranking 2nd on Google Search for 'Nerve Palsy Hertfordshire' Keyword,173,1utJ84sQFzEiaxWOnR4aX7BD9B1WX2lwX
plastic-surgery/iccm/iccm-ranking-2nd-on-google-search-for-upper-lower-back-liposuction-sydney-keyword.webp,Plastic Surgery,ICCM,ICCM Ranking 2nd on Google Search for 'Upper & Lower Back Liposuction Sydney' Keyword,98,1jFzGuFuNp10hC8nhn0HmAioUfsJgEYAt
plastic-surgery/iccm/iccm-ranking-in-google-snippets-for-the-keyword-torn-earlobe-repair-cost-sydney.webp,Plastic Surgery,ICCM,ICCM Ranking in Google Snippets for the Keyword 'Torn Earlobe Repair Cost Sydney',100,1-4GId3dRP8IDlCnGNqO19jGLBNe4RCsW
plastic-surgery/omd-combined-results/plastic-surgeon-client-6-month-conversion-growth.webp,Plastic Surgery,/,Plastic Surgeon Client 6 Month Conversion Growth,182,1sdHs-jmxoJ0xHCIcGcvy4W5Hy5QopEaQ
plastic-surgery/symmetry-clinic/symmetry-clinic-ranking-in-google-search-for-the-keyword-revision-rhinoplasty-london.webp,Plastic Surgery,Symmetry Clinic,Symmetry Clinic Ranking in Google Search for the Keyword 'Revision Rhinoplasty London',251,1lU5d7_UhEteYfc4rHrrUgSO6vp8N2OOI
plastic-surgery/symmetry-clinic/symmetry-clinic-ranking-in-google-search-for-the-keyword-septoplasty-london.webp,Plastic Surgery,Symmetry Clinic,Symmetry Clinic Ranking in Google Search for the Keyword 'Septoplasty London',250,1JVy8_0hK-UL8UtRhWo0J0wivoTjcqNP3
plastic-surgery/symmetry-clinic/symmetry-clinic-ranking-on-google-ai-overview-for-best-rhinoplasty-surgeon-london.webp,Plastic Surgery,Symmetry Clinic,Symmetry Clinic Ranking on Google AI Overview for Best Rhinoplasty Surgeon London,281,1sSsWJEJhl2V8xINKuSuZLiGkLWZBJ9BL
plastic-surgery/symmetry-clinic/symmetry-clinic-ranking-on-google-search-for-facial-plastic-surgery-in-london.webp,Plastic Surgery,Symmetry Clinic,Symmetry Clinic Ranking on Google Search for Facial Plastic Surgery in London,280,14q_UUebryMClb7dSOvP3rkzBoxUDPKPt
plastic-surgery/symmetry-clinic/symmetry-clinic-ranks-on-maps-results-for-facial-symmetry-surgery-keyword.webp,Plastic Surgery,Symmetry Clinic,"Symmetry Clinic Ranks on Maps Results for ""Facial Symmetry Surgery"" Keyword",235,1qxCjPWdX1Nr5oANVKsU8XSSz6oNJAdgg
plastic-surgery/symmetry-clinic/symmetry-clinic-ranks-on-search-results-for-nose-reduction-london-keyword.webp,Plastic Surgery,Symmetry Clinic,"Symmetry Clinic Ranks on Search Results for ""Nose Reduction London"" Keyword",214,1G_CCkayMB_3m27OuQMRg-ZVSVThVqYOZ
plastic-surgery/the-hanson-clinic/the-hanson-clini-ranking-3rd-on-google-search-for-plastic-surgery-dublin-keyword.webp,Plastic Surgery,The Hanson Clinic,The Hanson Clini Ranking 3rd on Google Search for 'Plastic Surgery Dublin' Keyword,4,1hKr4vsDSNTIt8V4fNatsCC4dnuFPUi8W
plastic-surgery/the-hanson-clinic/the-hanson-clinic-monthly-traffic-conversion-growth.webp,Plastic Surgery,The Hanson Clinic,The Hanson Clinic Monthly Traffic & Conversion Growth,137,1Cks-Zmy56uumDoqiffYk8JuvLOPIR1d-
plastic-surgery/the-hanson-clinic/the-hanson-clinic-ranking-1st-and-4th-on-google-search-for-deep-plane-facelift-dublin-keyword.webp,Plastic Surgery,The Hanson Clinic,The Hanson Clinic Ranking 1st and 4th on Google Search for 'Deep Plane Facelift Dublin' Keyword,167,1kN3UniIlXfECimqMEkHROUwKZdv5oQCY
plastic-surgery/victoria-house-clinic/victoria-house-clinic-on-google-search-for-for-the-keyword-mini-tummy-tuck-surgery-in-birmingha.webp,Plastic Surgery,Victoria House Clinic,Victoria House Clinic on Google Search for for the Keyword 'Mini Tummy Tuck Surgery in Birmingham',284,1aL82RSt3rYU5lxE2P3VI3SMzMRloYmmY
plastic-surgery/victoria-house-clinic/victoria-house-clinic-on-google-search-for-for-the-keyword-turkey-neck-surgery-in-birmingham-2.webp,Plastic Surgery,Victoria House Clinic,Victoria House Clinic on Google Search for for the Keyword 'Turkey Neck Surgery in Birmingham ',283,1xEwbEur0Wc29D0ga_0a4BRCL1yMRym39
plastic-surgery/victoria-house-clinic/victoria-house-clinic-on-google-search-for-for-the-keyword-turkey-neck-surgery-in-birmingham.webp,Plastic Surgery,Victoria House Clinic,Victoria House Clinic on Google Search for for the Keyword 'Turkey Neck Surgery in Birmingham ',282,1uuyORkESO6XDHfcEJMB4MVJYt3nADJHN
removalist-company/bill-removalists-sydney/bill-removalists-sydney-ranking-1st-on-google-maps-for-removalists-parramatta-keyword.webp,Removalist Company,Bill Removalists Sydney,Bill Removalists Sydney Ranking 1st on Google Maps for 'Removalists Parramatta' Keyword,117,16UjOwGERg3Bdc4FRfOpw29XycL7tNyU4
rheumatology-clinics/arthritiscare/arthritiscare-ranking-1st-and-2nd-on-google-search-for-rheumatoid-arthritis-doctor-brisbane-key.webp,Rheumatology Clinics,arthritisCARE,arthritisCARE Ranking 1st and 2nd on Google Search for 'Rheumatoid Arthritis Doctor Brisbane' Keyword,14,1UQHhWncmDACtKApk3PFipKUZALH_D4xG
rheumatology-clinics/arthritiscare/arthritiscare-ranking-1st-on-google-search-and-google-maps-for-rheumatologist-brisbane-keyword.webp,Rheumatology Clinics,arthritisCARE,arthritisCARE Ranking 1st on Google Search and Google Maps for 'Rheumatologist Brisbane' Keyword,124,1alzQKxNNKTSffowMHWCRZRd1BdRvX53j
rheumatology-clinics/arthritiscare/arthritiscare-ranking-1st-on-google-search-for-rheumatology-rockhampton-keyword.webp,Rheumatology Clinics,arthritisCARE,arthritisCARE Ranking 1st on Google Search for 'Rheumatology Rockhampton' Keyword,10,1puhwpNAtx4amXi6NiEAek1WUoE68gkTo
rheumatology-clinics/arthritiscare/arthritiscare-ranking-1st-on-google-search-for-scleroderma-specialist-brisbane-keyword.webp,Rheumatology Clinics,arthritisCARE,arthritisCARE Ranking 1st on Google Search for 'Scleroderma Specialist Brisbane' Keyword,9,1EIJSPel-fuuv3wBuP5umhJ5h8u24W--N
rheumatology-clinics/arthritiscare/high-performance-seo-results-for-arthritiscare-since-2018.webp,Rheumatology Clinics,arthritisCARE,High-Performance SEO Results for arthritisCARE Since 2018,132,1DI_ZMp83U3bnXNvJgm3HlRzp0Py5QMpb
rheumatology-clinics/arthritiscare/high-performance-seo-results-for-arthritiscare.webp,Rheumatology Clinics,arthritisCARE,High-Performance SEO Results for arthritisCARE,221,1FPm0yIYWDaYnS4IzEVmTOqg3-BReXJN7
skincare-store/allmedic/allmedic-ranking-2nd-on-google-search-for-skin-care-cream-keyword.webp,Skincare Store,Allmedic,Allmedic Ranking 2nd on Google Search for 'Skin Care Cream' Keyword,158,1VfvBi-6MAWE4zRB1xEADh5zfK6lk9y0R
skincare-store/allmedic/allmedic-ranking-4th-on-google-search-for-medical-skincare-australia-keyword.webp,Skincare Store,Allmedic,Allmedic Ranking 4th on Google Search for 'Medical Skincare Australia' Keyword,157,1IHU1nzJhbvRPDHi6IKVjXkN7y5j8_7o8
skincare-store/allmedic/allmedic-year-on-year-traffic-growth.webp,Skincare Store,Allmedic,Allmedic Year on Year Traffic Growth,218,1q4hw63rNAaiDe-wq9AXAgex6K9ah_6T1
vasectomy-clinics/gentle-procedures-clinic-sydney/gentle-procedures-clinic-sydney-ranking-on-google-maps-and-search-for-vasectomy-clinic-sydney-k.webp,Vasectomy Clinics,Gentle Procedures Clinic Sydney,Gentle Procedures Clinic Sydney Ranking on Google Maps and Search for 'Vasectomy Clinic Sydney' Keyword,232,19CeJOYVVT4vYtvzURLK4qNSlcH4gYgUB
vasectomy-clinics/gentle-procedures-clinic-sydney/gentle-procedures-clinic-sydney-ranking-on-google-maps-for-vasectomy-sydney-keyword.webp,Vasectomy Clinics,Gentle Procedures Clinic Sydney,Gentle Procedures Clinic Sydney Ranking on Google Maps for 'Vasectomy Sydney' Keyword,233,1bIAs8k_fo-Zgb9FTVnsU4KiRExodadUU
vasectomy-clinics/gentle-procedures-clinic-sydney/gentle-procedures-clinic-sydney-ranks-1st-on-google-search-results-for-no-scalpel-vasectomy-syd.webp,Vasectomy Clinics,Gentle Procedures Clinic Sydney,Gentle Procedures Clinic Sydney Ranks 1st on Google Search Results for 'No Scalpel Vasectomy Sydney' Keyword,234,1AlMtVfKPp7vK9m4kac9GUZP8IAGESQup
vasectomy-clinics/the-cooper-clinic/the-cooper-clinic-ranking-3rd-on-google-search-for-vasectomy-auckland-keyword.webp,Vasectomy Clinics,The Cooper Clinic,The Cooper Clinic Ranking 3rd on Google Search for 'Vasectomy Auckland' Keyword,162,12tcDLj-kr3hiC8mpaET60KSwoMVR3Ox0
vasectomy-clinics/the-cooper-clinic/the-cooper-clinic-ranking-3rd-on-google-search-for-vasectomy-new-zealand-keyword.webp,Vasectomy Clinics,The Cooper Clinic,The Cooper Clinic Ranking 3rd on Google Search for 'Vasectomy New Zealand' Keyword,163,19Qc9AH9LWeszkqkGmPuHNcrnrZOyw91I
vasectomy-clinics/vasectomy-australia/vasectomy-australia-ranking-1st-and-2nd-on-google-search-and-google-maps-for-vasectomy-castle-h.webp,Vasectomy Clinics,Vasectomy Australia,Vasectomy Australia Ranking 1st and 2nd on Google Search and Google Maps for 'Vasectomy Castle Hill' Keyword,16,1C55nmBmbb2UYzsw4_93yAlMF_twq0bXB
vasectomy-clinics/vasectomy-australia/vasectomy-australia-ranking-1st-on-google-search-for-vasectomy-adelaide-keyword.webp,Vasectomy Clinics,Vasectomy Australia,Vasectomy Australia Ranking 1st on Google Search for 'Vasectomy Adelaide' Keyword,24,1eCHquR6h-yvsMDtPMtvywXFQ1N7dg-lR
vasectomy-clinics/vasectomy-australia/vasectomy-australia-ranking-1st-on-google-search-for-vasectomy-central-coast-keyword.webp,Vasectomy Clinics,Vasectomy Australia,Vasectomy Australia Ranking 1st on Google Search for 'Vasectomy Central Coast' Keyword,17,1ba9lo5zFprQukcVW2JGT1_xM0wM751gp
vasectomy-clinics/vasectomy-australia/vasectomy-australia-ranking-2nd-and-3rd-on-google-search-for-vasectomy-kingsgrove-keyword.webp,Vasectomy Clinics,Vasectomy Australia,Vasectomy Australia Ranking 2nd and 3rd on Google Search for 'Vasectomy Kingsgrove' Keyword,55,1kbmwclBXAjggPfWKi3qK4FsuSJiZaLD5
vasectomy-clinics/vasectomy-australia/vasectomy-australia-ranking-2nd-and-3rd-on-google-search-for-vasectomy-parramatta-keyword.webp,Vasectomy Clinics,Vasectomy Australia,Vasectomy Australia Ranking 2nd and 3rd on Google Search for 'Vasectomy Parramatta' Keyword,31,1eOuxdO6FvZbhhMMPAN2ViAy-RKv8aZV3
vasectomy-clinics/vasectomy-australia/vasectomy-australia-ranking-2nd-on-google-search-for-newcastle-vasectomy-clinic-keyword.webp,Vasectomy Clinics,Vasectomy Australia,Vasectomy Australia Ranking 2nd on Google Search for 'Newcastle Vasectomy Clinic' Keyword,22,1afq-td1U259T4a8YShq4ckXi23bpOUFV
vasectomy-clinics/vasectomy-australia/vasectomy-australia-ranking-2nd-on-google-search-for-vasectomy-clinic-sydney-keyword.webp,Vasectomy Clinics,Vasectomy Australia,Vasectomy Australia Ranking 2nd on Google Search for 'Vasectomy Clinic Sydney' Keyword,25,1omQtk7mziFUpHGj1wrzqMpDT4T4M4lVq
vasectomy-clinics/vasectomy-australia/vasectomy-australia-ranking-2nd-on-google-search-for-vasectomy-cost-keyword.webp,Vasectomy Clinics,Vasectomy Australia,Vasectomy Australia Ranking 2nd on Google Search for 'Vasectomy Cost' Keyword,161,1MAyxbq_fwDs1UJEyR5Y_P_BoV5ozGcRc
vein-clinics/shire-aesthetics-vein-clinic/shire-aesthetics-vein-clinic-ranking-1st-on-google-maps-for-spider-vein-treatment-miranda-keywo.webp,Vein Clinics,Shire Aesthetics & Vein Clinic,Shire Aesthetics & Vein Clinic Ranking 1st on Google Maps for 'Spider Vein Treatment Miranda' Keyword,129,1y-osv7uwgAp5GT-7sMbf9QIhU7ebzWWG
vein-clinics/shire-aesthetics-vein-clinic/shire-aesthetics-vein-clinic-ranking-2nd-on-google-google-maps-for-vein-clinic-miranda-keyword.webp,Vein Clinics,Shire Aesthetics & Vein Clinic,Shire Aesthetics & Vein Clinic Ranking 2nd on Google Google Maps for 'Vein Clinic Miranda' Keyword,131,17krjulprhV98x8hJvHUfxQL7CkbqwEYF
vein-clinics/shire-aesthetics-vein-clinic/shire-aesthetics-vein-clinic-ranking-2nd-on-google-maps-for-vein-clinic-miranda-keyword.webp,Vein Clinics,Shire Aesthetics & Vein Clinic,Shire Aesthetics & Vein Clinic Ranking 2nd on Google Maps for 'Vein Clinic Miranda' Keyword,6,1YOL1UFhpjGcug12C5KoIqHDdu0QgRT9g
vein-clinics/shire-aesthetics-vein-clinic/shire-aesthetics-vein-clinic-ranking-2nd-on-google-search-and-google-maps-for-varicose-vein-tre.webp,Vein Clinics,Shire Aesthetics & Vein Clinic,Shire Aesthetics & Vein Clinic Ranking 2nd on Google Search and Google Maps for 'Varicose Vein Treatment Miranda' Keyword,130,1gA9q_sbBiWd6Uu4-WNGoZXuafV90rMlP
vein-clinics/vein-doctors-sydney/vein-doctors-sydney-ranking-1st-on-google-search-and-2nd-on-google-maps-for-varicose-vein-treat.webp,Vein Clinics,Vein Doctors Sydney,Vein Doctors Sydney Ranking 1st on Google Search and 2nd on Google Maps for 'Varicose Vein Treatment Sydney' Keyword,176,1D0GMONPFQ7E3hDOiAqMpW4wqKR30KJpf
vein-clinics/vein-doctors-sydney/vein-doctors-sydney-ranking-1st-on-google-search-and-google-maps-for-vein-doctor-sydney-keyword.webp,Vein Clinics,Vein Doctors Sydney,Vein Doctors Sydney Ranking 1st on Google Search and Google Maps for 'Vein Doctor Sydney' Keyword,178,1KNCt4Jt8yZnS7RCI71KZI3snvmOFHFZs
vein-clinics/vein-doctors-sydney/vein-doctors-sydney-ranking-1st-on-google-search-for-spider-vein-treatment-sydney-keyword.webp,Vein Clinics,Vein Doctors Sydney,Vein Doctors Sydney Ranking 1st on Google Search for 'Spider Vein Treatment Sydney' Keyword,125,1coks6qHI6RhcTZ06vlP7dErHLc3A5tVi
vein-clinics/vein-doctors-sydney/vein-doctors-sydney-ranking-1st-on-google-search-for-varicose-vein-treatment-sydney-keyword.webp,Vein Clinics,Vein Doctors Sydney,Vein Doctors Sydney Ranking 1st on Google Search for 'Varicose Vein Treatment Sydney' Keyword,121,1CWUca7qARJnr6qpIPws79q1UWXtRvQp0
vein-clinics/vein-doctors-sydney/vein-doctors-sydney-ranking-2nd-on-google-maps-for-spider-vein-treatment-sydney-keyword.webp,Vein Clinics,Vein Doctors Sydney,Vein Doctors Sydney  Ranking 2nd on Google Maps for 'Spider Vein Treatment Sydney' Keyword,175,1oMebr1qgpSjhQY02htfM7diVkA1mzr5u
vein-clinics/vein-doctors-sydney/vein-doctors-sydney-ranking-2nd-on-google-search-for-vein-clinic-sydney-keyword.webp,Vein Clinics,Vein Doctors Sydney,Vein Doctors Sydney Ranking 2nd on Google Search for 'Vein Clinic Sydney' Keyword,177,1WIVGpNjEbP6Lw7tje9gCMdUC5TYpNA1D
vein-clinics/vein-doctors-sydney/vein-doctors-sydney-ranking-3rd-and-4th-on-google-search-for-vein-doctors-northern-beaches-keyw.webp,Vein Clinics,Vein Doctors Sydney,Vein Doctors Sydney Ranking 3rd and 4th on Google Search for 'Vein Doctors Northern Beaches' Keyword,179,1lJUjd-39i0dN1Ig_oCdKQeB-REHTbsfY
vein-clinics/vein-doctors-sydney/vein-doctors-sydney-ranking-in-google-snippets-for-the-keyword-ovarian-vein-embolisation-sydney.webp,Vein Clinics,Vein Doctors Sydney,Vein Doctors Sydney Ranking in Google Snippets for the Keyword 'Ovarian Vein Embolisation Sydney',174,1XH_iKGGVM0cWTUIfSk9Bf0b1l3vBkO_8
vein-clinics/vein-doctors-sydney/vein-doctors-sydney-ranking-in-google-snippets-for-the-keyword-venaseal-vein-treatment-sydney.webp,Vein Clinics,Vein Doctors Sydney,"Vein Doctors Sydney Ranking in Google Snippets for the Keyword 'Venaseal Vein Treatment Sydney""",180,1E6A40o1jhc_Js0z0sExofaprDuCtA5Rr
vein-clinics/vein-doctors-sydney/vein-doctors-sydney-ranking-on-google-maps-for-the-keyword-spider-veins-sydney.webp,Vein Clinics,Vein Doctors Sydney,Vein Doctors Sydney Ranking on Google Maps for the Keyword ' Spider Veins Sydney',268,1IZYN_De3afBw73JnGe7LfDFd3X2eXmWc
vein-clinics/vein-doctors-sydney/vein-doctors-sydney-ranking-on-google-maps-for-the-keyword-varicose-vein-sydney.webp,Vein Clinics,Vein Doctors Sydney,Vein Doctors Sydney Ranking on Google Maps for the Keyword ' Varicose Vein Sydney,269,1M0_gjjg1kb5VSm_jOyPnpNyQ8ng5Taee
vein-clinics/vein-doctors-sydney/vein-doctors-sydney-ranking-on-google-maps-for-the-keyword-varicose-vein-treatment-sydney.webp,Vein Clinics,Vein Doctors Sydney,Vein Doctors Sydney Ranking on Google Maps for the Keyword ' Varicose Vein Treatment Sydney',267,1KnePfpNL4pLw4gq_8ldSgpvG9rTnCeT_
vein-clinics/vein-doctors-sydney/vein-doctors-sydney-ranking-on-google-search-for-the-keyword-pae-sydney.webp,Vein Clinics,Vein Doctors Sydney,Vein Doctors Sydney Ranking on Google Search for the Keyword ' PAE Sydney',270,1Ww3mjjkfj8PhZRyKEYAi599wkQ3E38Su
vein-clinics/vein-doctors-sydney/vein-doctors-sydney-ranking-on-google-search-for-the-keyword-varicose-vein-removal-sydney.webp,Vein Clinics,Vein Doctors Sydney,Vein Doctors Sydney Ranking on Google Search for the Keyword ' Varicose Vein Removal Sydney',265,1VOsjszOcByFhXf9QDk7MXJUjk7iY9A2I
vein-clinics/vein-doctors-sydney/vein-doctors-sydney-ranks-on-google-maps-for-the-keyword-varicose-veins-sydney-keyword.webp,Vein Clinics,Vein Doctors Sydney,"Vein Doctors Sydney Ranks on Google Maps for the Keyword ""Varicose Veins Sydney"" Keyword",202,1Bv8Yt8Oa2di1y2yHdyUP4Lp1NR0aA9b8
vein-clinics/vein-doctors-sydney/vein-doctors-sydney-ranks-on-google-maps-for-the-keyword-varicose-veins-treatment-sydney-keywor.webp,Vein Clinics,Vein Doctors Sydney,"Vein Doctors Sydney Ranks on Google Maps for the Keyword ""Varicose Veins Treatment Sydney"" Keyword",201,1EA9SOWL-w3TjbJPDgf0YE_4JwepMaHxZ
